,id,title,author,genre,story,platform
0,0,나는 엄마다,렁호,"#좀비#엄마되기#생존#아포칼립스#육아#크리처#찐사랑#가족#모성애#드라마#액션#공포,스릴러#월","좀비들이 넘쳐나는 세상, 그곳에서 태어난 작고 소중한 딸 축복이... 괜찮아 딸, 엄마가 괴물이 되더라도 널 지켜 줄 테니까...!",탑툰
1,1,동아리,슈리넬&QRQ,#동아리#캠퍼스#CC#여대생#여선배#여교수#하렘#로맨스#드라마#일상#월,"""너, 딱 내 타입이다!” 우여곡절 끝에 연극영화 동아리 P&M에 입부한 전재우. 그런데 왠 걸? 동아리의 미녀들이 전재우에게 적극적으로 들이댄다! 과연 재우는 그녀들의 육탄 공세에서 살아남아 자신만의 사랑을 쟁취할 수 있을까?",탑툰
2,2,잡배,김용환,#개그#무술#액션#월,"자신의 과거를 모르는 파계승 밤비는 절을 떠나 속세로 내려간다. 오랜 세월 수련에 실패하여 분노만 남은 강철이(이무기)가 세상을 어지럽히며 요괴들이 나타났고, 이에 밤비는 요괴들과 좌충우돌하며 반인반요의 정체성을 깨달아가는데… 누가 인간이고 누가 요괴인지 알 수 없는 잡배들의 고군분투 액션 활극.",탑툰
3,3,무련전봉,막묵/벽가벽,#무협#성장#액션#무협#월#목#토,제자들의 경쟁이 심하기로 이름난 능력지상주의 문파 ‘능소각’. 3년이나 수련을 했지만 종파에서 수련 등급이 가장 뒤처져 동기들에게 갖은 수모를 당하던 ‘양준’은 어느 날 의문의 서책 한 권을 발견한다. 그 서책에는 무도(武道)를 익히는 수련법과 정체 모를 힘이 숨겨져 있는데……,탑툰
4,4,백련성신,은사해탈/연재공작실,#무협#복수#액션#무협#월#수#금,"백만 번의 단련을 통해 신의 경지에 오르다! 집안의 몰락으로 하루아침에 노비가 된 나정이는 매일같이 비참한 나날들을 보낸다. 설상가상, 그의 여동생마저 옥에 갇히자 더욱 절망에 빠지는데…… 그러던 중, 그는 아버지가 자신에게 유물로 남겨준 오래된 서책에서 거대한 힘을 흡수하여 병기가 돼 버리고, 인간과 요족 그리고 마족의 공법을 익히며 악당들과 끊임없이 싸워 나가 운명을 개척하게 된다. 과연, 이 거대하고 신비로운 힘의 정체는 무엇일까? 그리고 그는 과연 여동생을 구할 수 있을 것인가?",탑툰
5,5,전설 헌터로 키워지는 중입니다,Beimuliuhuo&Cat Comics,#게임 판타지#능력물#소년물#헌터#판타지#액션#월,"아버지의 누명을 벗기기 위해 ‘미끼’로 레이드를 뛰어 살아가는 '차낙영'. 죽기 직전의 그 순간, 전설 헌터 육성 시스템이 발동했다. [플레이어와 연결 완료, 전설 헌터 육성 시스템 ARES가 발동합니다]",탑툰
6,6,만고지존,태일생수/잭 노르웨이,#무협#환생#액션#무협#월#목,"자신의 전생이 ""파군무제(破軍武帝)"" 고비훈이었다는 것을 각성한 이운혁. 이제 사람들은 죽은 고비훈의 동상을 도시 한 가운데에 세워두고 그를 기리고 있다. 천무 대륙에서 무도와 제련의 천재로 추앙받던 인재, 고비훈이었던 전생과는 달리 환생한 이운혁의 몸은 경맥도 꽉 막혀있고 수련하기 까다로운 체질이다. 다행인 건 고비훈이던 시절의 무공과 수련법을 그대로 기억하고 있다는 것! 신이 내게 전생을 기억하게 한 건, 지난 생에 못다 이룬 꿈을 이루라는 계시가 아닐까? 나 이운혁이자 파군무제 고비훈, 이제부터 만고(萬古)에 이르는 지존(至尊)이 되리라!",탑툰
7,7,대표님의 삐뚤어진 사랑,Hongshu&Rose Studio,#대표님#두근두근#로맨스#계약연인#새로운만남#월#목,"""도망쳐 봐야 내 손바닥 안이지."" 자신을 버린 전 남자 친구에게 복수하기 위해 악마 같은 남자 강재준과 계약을 하게 된 문가영. 그런데 이 남자 정말 괜찮은 걸까?",탑툰
8,8,악역 플레이어는 강해지고 싶다,Anything&Yuedongwenhua,#소년물#시스템#룰렛#판타지#액션#월#화#목#금#일,"갑작스런 교통사고로 죽음을 맞이할 뻔했지만 영문도 모른 채 살아나버린(?) '여우주'. 그날, '여우주'의 눈앞에 정체를 알 수 없는 시스템창이 떠오른다. -비호감도가 올라갑니다- -룰렛을 돌릴 수 있게 됩니다!- ""룰렛을 돌리면 아이템을 얻을 수 있다니! 이걸 팔면 나는…"" 아이템을 팔아 갑부가 되는 망상에 잠겨있던 '여우주', 하지만 그의 앞을 가로막는 강적들이 나타나는데…!",탑툰
9,9,신혼무제,정의선생&DXD Animation,#성장물#소년물#신혼#액션#무협#월,"대봉 왕조의 강천 마을에 사는 소년 '임찬'. 그가 각성한 신혼은 폐신혼으로, 뭇사람의 비웃음을 산다. 그러나 그의 신혼인 생사관은 10대 신혼 중 하나로 특별한 힘을 가진 특수 신혼이었는데… 게다가, 생사관에 자신의 영혼을 숨겨두었던 능력과 미모를 갖춘 '궁천설'을 만나게 되면서 그녀의 도움으로 그는 신혼무제의 자리까지 오르게 된다.",탑툰
10,10,최강인데 또 레벨업,Changpan Warrior,#먼치킨#생존#소년물#판타지#액션#월#화#목#금#토,"대기업 천신 바이오의 계략으로 이상 현상과 변이 생물이 출현하는 후문명시대의 지구. 평범한 대학생 '하민재'는 고향으로 돌아가던 도중, 자신의 특별한 능력을 각성하게 된다. 자신을 눈엣가시로 여기며 제거하려는 천신 '바이오'에 맞서, '하민재'는 끊임없이 강해진다!",탑툰
11,11,퀘스트: 지상 최고의 산적,열문&tencent&나하마 대왕,#게임#게임빙의#퀘스트#판타지#액션#월,"평범한 대학생이자 게임 매니아였던 '정기준'. <마인드 오브 밴디트>라는 산적 컨셉을 가진 MMORPG 게임을 플레이 하던 중, TV에서 나온 빛에 의해 정신을 잃고 쓰러진다. 그가 다시 일어났을 땐 <마인드 오브 밴디트>의 세계. 심지어 게임을 시작하자마자 멸문당할 예정인 산적단, 섬여단 두목의 아들로 깨어나게 된다. 그러던 중 시스템 안내자라는 여성이 등장하며 위기에 처한 섬여단을 부흥시키지 못하면 로그아웃, 즉 죽음을 맞이하게 된다며 퀘스트를 던져주는데... 깨어나자마자 위기에 봉착한 '정기준', 게임 속 세계에서 최강의 산적이 되어 섬여단을 부흥시키기 위한 가슴 뛰는 여정이 시작된다.",탑툰
12,12,우리 아빠가 대표님이래요,에코스튜디오,#현대물#복수#오피스#로맨스#드라마#월#목,"""아빠라고… 불러도 돼요?"" 엄마의 손에 홀로 키워진 '은호'에게 갑자기 나타난 아빠! 그런데… 아빠가 생긴 건 좋지만, '은호'의 눈엔 둘의 사이가 조금 미묘해 보인다. 엄마, 아빠와 행복하게 살고싶은 '은호'의 바람은 이루어질 수 있을까?",탑툰
13,13,요신기,아이리더,#요괴#수련#소년물#액션#무협#월,"최강 음양사인 비류는 전장에서 죽음을 맞이하지만 신비한 힘이 있는 ""시공요괴의서""를 발견하게 되고 그로 인해 환생하게 된다. 과거의 적과 그들에 대한 복수의 마음으로 다시 처음부터 수련을 해나가는 비류! 과연 그는 다시 최강의 자리에 오를 수 있을까?",탑툰
14,14,독보다 강한 꽃,열문만화&목단풍&한태문화,#빙의#시대물#로맨스#드라마#판타지#월,"특수요원의 캡틴인 '영설'은 잠에서 깨어나보니 고대 복장을 하고 철창 안에 갇혀 있는 자신을 발견한다. '영설', 장공국 '정원후'의 외동딸이었던 그녀는 8살 때 부모님을 여의고 홀로 다 쓰러져가는 정원후부를 가까스로 유지해왔다. 하지만 자신의 정혼자인 6황자는 그녀의 마음도 모른 채 그녀와 파혼하기 위해 온갖 수단을 써왔다. 특수요원 '영설'은 다시 태어난 이곳 장공국에서 자신을 모함하고 해치려는 자들을 과연 어떤 방법으로 혼쭐내줄 생각인 걸까? 그리고 그녀는 과연 정원후부를 어떻게 다시 일으켜 세울 것인가!",탑툰
15,15,왕이 돌아왔도다,로묘,#출생의 비밀#성장#각성#액션#무협#월,"출생의 비밀을 안고 태어난 무술 강자, '소재현'. 그는 무술대회에서 이겨 봉령단을 받아 고모의 다리를 고치는 소박한 꿈을 가지고 있었지만 하루살이처럼 꼬여대는 사도 가문을 시작으로 첩첩산중으로 나타나는 강자들과의 혈투를 피하기 어려워진다. 날이 갈수록 힘들어지는 상황 속에서 죽은 줄만 알았던 전설 속 소가(家)의 최강자가 돌아왔다는 소식에 대전장마저 혼란스러워지고...강호 고수들과의 계속되는 결투, 그리고 여인들과의 사랑. 그 속에서 '소재현'은 제 출생의 비밀과 마주하게 된다.",탑툰
16,16,링 오브 가디언,열문X대행도,#반지#시스템#좀비#판타지#액션#월,"자신을 지원해 주고 보호해 줄 부모도 없이 아득바득 아르바이트와 장학금으로 생계를 유지하고 있던 '김우혁'은 한 반지를 줍게 된다. [ 앞으로 16시간 내로 지구에 생화확적 바이러스가 폭발해 좀비가 창궐하게 됩니다. 넘버 제로, 인류를 구원하십시오. ] 반지의 허무맹랑한 말에 '우혁'의 인생은 완전히 뒤바뀌어버린다. '우혁'은 과연 좀비들을 모두 물리치고 인류를 구할 수 있을까?",탑툰
17,17,왕위 계승자 때려치겠습니다,텐센트동만,#환생#이세계#괴물#판타지#액션#월,"루게릭 병으로 병원에서 죽음을 맞이하게 된 '김선우',는 '아르탄 행성'이라는 곳에서 환생하게 된다. 그곳은 지구와 비슷하지만 괴물과 초능력자들이 대립하는 세상이고, '선우'는 황제 '강현'에게 선택받아 이곳으로 넘어오게 된 왕위 계승자였던 것이다. 하지만, '김선우'는 모처럼 얻은 새 인생을 왕 같은 귀찮은 일에 시간을 소비하고 싶지 않아 하는데...",탑툰
18,18,이세계가 체질입니다,DW&롱롱,#소년물#이세계#성장#판타지#액션#월,"""당신이 우리 데몬족을 구원할 예언된 자입니다"" 이세계, 다종족이 모여사는 휴로스 대륙, 인간과 데몬 이 두 종족은 가장 강력한 종족이다. 오래 전, 이세계의 인간은 데몬이나 오우거 같은 이종족에게 대항하기 위해, 드래곤을 숭배하고 그 대가로 드래곤의 마법을 전수받게 된다. 두 종족은 대륙의 자원을 두고 끊임없이 전쟁을 벌인다.",탑툰
19,19,어웨이크닝: 회귀 플레이어,MOKF,#게임 판타지#성장물#회귀#판타지#액션#월,"때는 2060년, 가상현실 MMORPG 게임 [스카이 필드]가 오픈하면서 세상 사람들은 이 게임에 열광하게 된다. 그 이유는 바로 이 게임에서 전직 후 [각성]이라는 것을 하게 되면 현실에서도 게임 속 스킬을 구현하는 것이 가능하였기 때문이다. 게임 오픈 후 1년 늦게 시작한 주인공, '김성준'은 각성자가 되기 위해 엄청난 노력과 시간을 게임에 쏟아부어 만렙이 되었지만 수많은 유저들의 경쟁에서 밀려나게 되었고 게임 속에나 현실에서 차가운 대접을 받으며 세상의 부조리함을 느끼게 된다. 그러던 어느 날, 평소처럼 파티 사냥에 참가하여 게이트로 들어가다 게이트에서 버그가 발생하는 전대미문의 사고가 발생하게 되고 '김성준'의 몸과 계정이 사라지게 된다. 다시 눈을 떴을 때, 그는 자신의 캐릭터와 닮은 몸이 되어있었고, 그는 [스카이 필드]가 오픈된 지 3개월 전 시점으로 돌아가게 되었다는 것을 알게 된다. 현실에서도 게임에서도 혼자 외로이 세상과 싸워왔던 그는 이번에야말로 만렙을 찍고 최강이 되어 '각성자'가 되기로 결심하는데...",탑툰
20,20,찐,26&영묘,#일진#격주연재#액션#드라마#복수#미녀#드라마#액션#월,지옥 같은 학교에서 유일하게 따뜻한 손을 내밀어 준 건 반장 ‘최수은’ 뿐이었다. 하지만 반장을 싫어하던 일진들은 그녀를 강제로 해코지하려 하는데...인간이길 포기한 쓰레기들을 상대로 그녀를 지켜낼 수 있을까?,탑툰
21,21,학사신공,왕위&HeHe&단고월,#선협#소설원작#성장#액션#무협#월#수#금#토#일,"평범한 시골에서 자란 '한립'은 숙부의 도움으로 강호문파의 입문 시험을 치르고, 고생 끝에 칠현문의 기명제자가 되어 약초를 이용해 사람을 구하는 방법을 배우게 된다. 맹추에서 약초쟁이가 된 '한립'은 어느 날 기이한 병을 발견하게 되는데…",탑툰
22,22,내 소설의 악역이 되다,용불상&maiuncle,#빙의#악역#타임슬립#액션#무협#월,"소설 작가 '유승호', 그는 생전 독자들이 원하는 엔딩으로 끝내려던 순간, 홧김에 세상이 멸망하는 전개로 급마무리 지어 버렸다. 이에 분노한 독자 한 명이 찾아와 실랑이를 벌이던 끝에 죽어버렸고, 지옥의 심판관마저 '유승호'를 소설 속 세계로 보내 기존의 결말을 바꾸라고 강요한다.",탑툰
23,23,맹주님 거둬주세요,일화만화,#동양풍#다각관계#로맨스#드라마#무협#완결,"사람 한번 죽여본 적 없는 햇병아리 살수, '고영소'. 어느 날 그녀에게 첫 의뢰가 들어오는데, 무려 무림 맹주 '목유신'의 서신을 훔쳐 오라는 것! '영소'는 정체를 숨긴 채 '목유신'의 제자가 되고, '목유신'은 점차 '영소'의 귀여운 매력에 빠져들지만, 그의 다른 제자들은 계속하여 그녀의 정체를 의심한다. 아슬아슬한 적과의 동침! 과연 그녀는 무사히 의뢰를 성공할 수 있을까?",탑툰
24,24,제천만계에서 돌아오다,빅라이언/칠월,#배신#무협#액션#무협#완결,"죽마고우이자 약혼녀에게 배신당하고 혈맥이 뽑히고 몸이 상한 상태로 아버지에 의해 감금당한 사내 이도한. 다행히 사부의 도움으로 혼백만은 분리되어 제천만계라는 큰 세계를 경험하고, 몇 년 만에 그 곳의 최강 혈맥을 가지고 자신 육신과 함께 돌아오는데…",탑툰
25,25,오늘 저녁은 너다,"활화산, 권모양",#소꿉친구#여사친#요리#대학생#짝사랑#캠퍼스#츤데레#로맨스#드라마#코믹#화,"천부적 요리실력을 가진 외식조리과 에이스 신수호. 요리와 먹는 것밖에 몰라 뚱뚱했다. 하지만 긁지않은 복권이었던 그가 충격적인 사건 이후 살을 빼더니 음식 요리보다 다른 요리에 새롭게 눈을 뜨는데...""오늘 저녁은 너다!""",탑툰
26,26,절친의 모든 것,형작가&타르초,#친구#캠퍼스#코믹#절친#알바#알바생#대학생#드라마#화,절친 중에 절친 이태양과 송민호. 비밀 같은 건 없을 줄 알았던 두 사람한테도 서로에게 '절대' 말할 수 없는 비밀이 생기기 시작하는데...,탑툰
27,27,100만 년 만에 귀환하다,삼계동화,#복수#귀환#속박#액션#무협#화#금,"백만 년. 끝없는 전쟁이 일어나는 동안 '마강진'은 속박의 땅에 갇혀있었다. 해방되어 세상에 나온 그는 제자들이 그의 몸을 되찾기 위해 목숨을 걸었다는 것을 알 수 있었고, 복수를 다짐한다.",탑툰
28,28,역천사신,소명태극,#성장#소년물#환생#드라마#액션#화,"현맥으로 정해진 힘이 곧 지위인 세상에서, '소태화'는 망가진 현맥으로 가문의 후광조차 받지 못한 열등감 덩어리로 자라난다. 그런 '소태화'는 유운성 최고 미인과의 혼삿날, 질투에 미친 '소태진'에게 독살당한다. 유운성과 멀리 떨어진 어느 대륙에서 갓난아기로 환생한 '소태화'는, 명의의 손에서 '태운'이라는 이름으로 자라게 된다. 허나 천독주라는 보물 때문에 사부를 잃게 된 '태운'은 복수를 다짐하며, 천독주를 빼앗기지 않으려 절벽에 몸을 던졌는데… 눈을 떴더니, 독살 당한 직후 혼삿날이 아닌가! 그 와중에 빼앗기지 않으려 삼킨 보물 천독주와 몸이 동화 되었는데… 과연 '소태화'는 망가진 현맥을 고치고 모두에게 무시당하던 인생을 고쳐낼 수 있을까?",탑툰
29,29,전직법사,난&산균자,#마법사#마법학교#드라마#판타지#액션#화#토,"평범하기 짝이 없던 '김범'. 어느 날 눈을 떠보니 세상은 마법으로 가득 차 있다. 그럼에도 변하지 않는 건, 사람들의 무시와 가난에 허덕이는 자신… 이곳에선 수련을 통해 마법사가 되어야 한다는데… '김범'은 과연 자신이 꿈꾸던 최고의 마법사로 거듭날 수 있을까?",탑툰
30,30,만렙종주,Pocket Universe,#만렙#빙의#판타지#액션#무협#화,"게임 회사에 근무하던 주인공은 우연히 게임 속으로 떨어지게 된다. 그나마 다행인 건 회사에서 테스트용으로 생성한 [올클래스 만렙] 계정이라는 점. 하지만 망할 NPC때문에 망해가는 종문의 종주 노릇을 하게 되고… 종문을 가꾸는 데엔 뜻이 없어 1인 종문으로 살아가려던 찰나, 그의 앞에 종문에 들어가고 싶어하는 여제자들이 나타나는데…!",탑툰
31,31,쪼렙 헌터부터 다시 시작,China Literature&Rainwater&Armode Culture,#게임#게임빙의#소년물#각성#판타지#액션#화#금,"5년 간 과금 없이 노가다로만 만렙 찍고 위풍당당 서버 최강자가 되려던 순간, 이세계에 빙의했다. 변이 몬스터와 좀비가 가득한 이세계에선 능력을 각성해 헌터가 되어야 하는데… 온라인 최강자였던 전생과 달리 빙의한 몸은 아직 능력을 각성하지 못한 쓰레기였다! 다행인 건 전생의 게임 캐릭터, 어쌔신빨 좀 세울 수 있다는 것! 캐릭 버프 받아 헌터로 각성하고, 이세계에선 오프라인 최강자 한 번 되어보자!",탑툰
32,32,초월진화,Changpan Warrior&Luan&Ningen&Lulaifozu,#소년물#초능력#성장#판타지#액션#화,"초능력이 있어야만 살아남을 수 있는 시대. 그리고 초능력 최하위 레벨을 지닌 '명하'. 의문의 사고로 여신의 도움을 받게 된 '명하'는 과연, 인류 최강자가 되어 세상을 구할 수 있을까?",탑툰
33,33,선무제존,침류,#복수#무협#액션#무협#화#금,"정양종 외문 제자 강진성은 임무 중 단전이 파열되고 만다. 종문을 위해 목숨을 바쳤건만 돌아오는 건 격려가 아닌 폐물 취급에 그는 제 발로 종문을 박차고 나가게 되는데... 한순간에 비참한 신세가 되어버린 강진성은 우연히 진화(眞火)를 손에 넣게 되고, 그 덕에 순식간에 내력을 회복하게 된 그는 정양종의 적대 종문인 항악종에 입문한다. 과연 강진성은 과거의 설욕을 핏빛 복수로 갚을 수 있을 것인가!",탑툰
34,34,월검신마,SHENMAN,#복수#최강자#요괴#성장#드라마#액션#무협#화,"어린 시절 눈 앞에서 어머니의 죽음을 목격한 '명하백'. 그는 어머니의 복수를 위해 하루가 멀다하고 수련에 매진한다. 오로지 수련만이 전부였던 '하백'의 삶은 가문 간의 이해관계가 얽힌 혼약이 깨지면서 평화롭던 나날에 금이 가기 시작하는데… [소년이여, 손에 쥔 검 한 자루로 세상을 구할 강자가 되어라!]",탑툰
35,35,무제의 은둔생활,지화문화,#무림#환생#하렘#판타지#액션#무협#화,"나 '백가람', 눈을 떠보니 모두가 노리는 아름다운 외모를 가진 소년으로 환생해버렸다?! 다행인지 불행인지 몸 안엔 신비한 힘이 넘쳐흐르고 날이 갈수록 강해져, 침입자들을 단번에 물리치고 급기야 가야주 무림계에서 무제로 추앙까지 받게 된다. 은거를 즐기기 위해 속세를 떠난 '백가람'의 앞에 나타난 애교 넘치는 ‘이다올’의 부탁으로 2년만에 다시 무림계에 복귀하게 되는데…",탑툰
36,36,학사신공 선계편,왕위&단고월&경표,#선협#선계#성장#수행#판타지#무협#화#목#금#토#일,천신만고 끝에 선계로 비승했지만 기억을 잃고 영환계로 떨어져버린 '한립'. 영환계에서 부모를 잃은 요호 '낙아'를 구해주고 '낙아'와 함께 의원을 찾아 다니다 몸을 빼앗길 위기에 처하고 마는데… 잃어버린 모든 기억을 되찾고 복수에 성공할 수 있을까?,탑툰
37,37,사상 최강 남주,ruohong,#빙의#이세계#인재#성장#액션#무협#화,"이세계 무협 세계관에 빙의한 주인공, '조강유'. 그는 빙의하자마자 99번의 납치, 32번의 죽을 고비를 넘긴다. 갖은 위기 속에서 겨우 목숨을 부지한 그는 우연히 '소요문(逍謠門)'에 들어가게 되고… ""그런데, 알고보니 내가 이세계 최강자!?"" 라는 설정처럼 엄청난 자질을 갖고 있다는 걸 깨닫게 되는데…!",탑툰
38,38,사모님은 챔피언,China Literature,#타임슬립#빙의#계약 결혼#로맨스#판타지#화,"격투기 세계 랭킹 1위를 꺾고 격투 여왕의 자리에 오른 그날, 무섭다는 이유로 애인에게 차인 '다은'. 실의에 빠져 잠에 들었더니 2년 전의 또다른 나로 빙의해 버렸다. 이곳의 나는 재벌가의 며느리…인 줄 알았으나 1년 후에 이혼을 해야하는 계약 결혼이었다. 1년 안에 이 남자를 꼬셔, 아니면 새로운 격투 여왕을 노려? 당연히 둘 다 해야지!",탑툰
39,39,이번 생은 악녀로 살겠습니다,AKE Culture,#현대물#환생#복수#로맨스#드라마#판타지#화#목,"계모와 새언니의 계략으로 어머니를 잃고 처절하게 고통받다 죽은 그녀, '차수현'. 그녀에게 주어진 두 번째 삶. ""이번 생은 악녀로 살겠어!"" '차수현'의 통쾌한 복수가 시작된다.",탑툰
40,40,SSS급으로는 부족했다,Qtstudio,#성장#전쟁#헌터#드라마#판타지#액션#화,인류 최강이자 최초로 sss급 헌터가 된 '이다온'. 그러나 인류를 뛰어넘는 몬스터의 등장으로 인해 전쟁에서 패배한 그는 엄청난 마력 폭발에 휩쓸린다. 죽음을 맞이한 줄 알았던 그는 50년 전 과거로 회귀하게 되는데… 'SSS급으로도 부족했어. 이론만으로 존재하는 '마스터'가 되어야 종말 전쟁을 막을 수 있다면… 얼마든지 되어주지!',탑툰
41,41,무역: 운명을 거스르다,작은새우/일차원동만,#무협#학원#액션#무협#화#금,"무(武)를 숭상하는 천무대륙(天武大陸)에선 실력 없는 자는 사람들의 괴롭힘을 당하기 마련! 주인공 백찬은 아무리 수련해도 나아지지 않는 '쓰레기'에서 자신 속에 있던 묘령의 존재, 화령을 사부로 모신 뒤 쓰레기라는 오명을 벗게 된다. 화령을 통해 자신의 체질이 일반적인 방식으로 '무(武)'를 수련하기에 적합하지 않은 '허무(虛武)'체질임을 알게 되고, 화령의 도움을 받아 체질을 거스르는 특훈에 돌입한다. 그렇게 백찬은 자신의 유일한 무기인 성실함을 바탕으로 또 하나의 기적을 써 내려 가는데...",탑툰
42,42,전신귀환,소명태극,#격주연재#복수#무협#액션#무협#화,"최강의 무혼을 지녀 전신(戰神)이라 불리던 그, 도운은 믿었던 이들에게 배신당하고 백년 후로 환생하게 된다. 비록 백년 후의 자신은 폐물 취급을 받던 몸이 됐지만, 내가 누구인가! 전신이라 불리던 사나이의 통쾌한 복수극이 시작된다.",탑툰
43,43,허세로 레벨업 하기!,초앵사,#타임슬립#허세#레벨업#판타지#액션#화,"교통사고 후 타임슬립을 하게 된 '서강호'는 화원국에서 죽임을 당하게 된 부마의 몸 속으로 들어가 부활한다. 그리고 그곳에서 처음 그를 맞이한 사람은 어마어마한 미소녀, 그리고 어디선가 들려오는 목소리! 뭐라고? 허세만 부리면 강해질 수 있다고!? 허세의 달인 '서강호'는 화원국의 최강자가 되기까지 수많은 난관에 부딪히게 되는데… 그는 과연 허세에 성공하여 최강자가 될 수 있을까?",탑툰
44,44,레벨업하기 싫은 영급무사,노인흘도,#환생#먼치킨#성장#시스템#판타지#액션#무협#화#목,"이세계로 환생한지 18년, 새로 얻은 삶에서 농부라는 천직을 찾았다. 일에 짓눌려 살던 괴로웠던 전생의 삶은 청산하고, 앞으로는 농사나 하며 평화로운 노후생활을 보내 보자고 다짐했다. 그런데 눈앞에 ""최강 시스템""이라는 게 나타나면서 모든 꿈이 산산조각 나버렸다. ""천하제일 고수가 되고 싶지 않으신가요? 당신의 꿈을 이루어 드립니다!"" 전생과 현생을 다 합치면 이미 중년의 나이인데, 뭔 놈의 중2병 같은 최강? 그러나 시스템의 갖은 협박과 강제적인 미션 진행으로 어쩔 수 없이 최강의 운명을 받아들이는데...",탑툰
45,45,마황귀환록,소명태극,#복수#성장#소년물#액션#무협#화,"한 때, 구유 대제라 불리었던 적소 대왕, '고천랑' 선계와 마계 그리고 저승까지 평정했던 그였지만 천계의 벌을 받아 죽을 위기에 놓이게 된다. 하지만, 자신의 법보였던 적멸고옥 덕분에 살아남게 되었고 적염령에서 깨어났을 때, 그가 천계의 벌을 받음으로부터 몇 백년의 세월이 지난 뒤였다. 본래의 힘을 잃고 인간이 된 그였지만 자신을 벌한 천계에 복수하기 위해 여정을 떠난다.",탑툰
46,46,난가기연,진비사,#빙의#성장#도사#판타지#액션#무협#화#목,"“세상이 곧 바둑판과 다름없으니, 백돌과 흑돌로 천하의 운명이 좌우되리라!” 우연히 숲속에 버려진 낡은 바둑판을 건드린 '기연'은, 요괴와 선인이 존재하는 새로운 세상으로 건너가고, 허름한 차림에, 눈조차 보이지 않는 자의 몸에 빙의된다. 자신이 누구인지, 어디인지도 모르는 상황에서 깨어나자마자 요괴를 만나는 '기연'. 그러나 호랑이 굴에 들어가도 정신만 차리면 산다고, 현대 사회에서 얻은 지식과 타고난 지혜로 고난을 타파하고, 여러 인연들을 만들어나간다. 그런데 원래 몸의 주인이 특별했던 건지, 아니면 그가 건드린 바둑판의 힘인 것인지, '기연'의 몸에는 일반적이지 않은 변화들이 생겨나는데...",탑툰
47,47,호감도가 오르면,만겁화&흘과당&낙타강강,#소년물#게임빙의#NPC#호감도#액션#무협#화,"나는 온라인 게임 ‘헤븐’의 네임드 유저 '군현'. 내가 왜 네임드냐고? 게임 플레이보다, 여자 NPC 공략하는 걸로 유명하거든! 마지막 NPC의 공략을 끝내고 알 수 없는 고통에 눈을 감았다 떠보니, 여긴 ‘헤븐’ 세계 속?! 이 난관을 어떻게 헤쳐 나가야 하나 싶지만, 레전드 공략집을 만든 나니까, 게임하듯이 채워 나가보자고!",탑툰
48,48,리부트 시스템,추산&이수,#몬스터#성장#시스템#판타지#액션#화,"서기 236년, 시공간과 차원이 꼬이고, 지구에 '몬스터'가 나타난다. 인간은 연구 끝에 새로운 차원을 찾아내고, 이 차원에는 게임처럼 '시스템'이 존재한다. 레벨업도 못하는 찌질이 취급을 당하던 '민규'는 '절대자' 시스템을 만나 사랑하는 사람들을 지키기 위해 강해진다. 돈귀신 '민규'의 먼치킨 행진기!",탑툰
49,49,뉴비 1일차로 무한 회귀,Puz&Manmew,#차원이동#먼치킨#고인물#드라마#판타지#액션#화,"'오늘'이라는 하루에 갇힌 지 삼천 년이나 되었다. 내일 아침 6시, 태양이 뜨면 나는 다시 오늘 아침으로 돌아온다. 나는 쉐도우 월드에 도착한 그 순간으로 돌아가 너희들을 구할 거야. 지금까지 너희가 날 보호해줬고, 매번 날 위해 죽었으니까. 이번에는 내가 너희를 지켜줄게.",탑툰
50,50,사금: 동평백부 넷째 아가씨,겨울버들잎&이구,#시대극#회귀#복수#로맨스#드라마#판타지#화#목,몰락해 가는 백작 댁 넷째 아가씨 '강유주'. 전생의 원한을 안고 모든 일의 시발점인 15세 시절로 회귀한다. 갖은 풍파를 겪고 두 번째 생을 살게 된 그녀는 주변인들의 실체를 간파하고 진정 소중한 사람이 누구인지 깨닫게 된다. 전생에 범했던 어리석은 실수를 다신 반복하지 않으리라 다짐한 그녀는 소중한 사람들과 자신을 지키기 위해 조금씩 운명을 바꾸어 나간다.,탑툰
51,51,리:플레이어,LURENGAN,#회귀#게임 판타지#레벨업#판타지#액션#화,"23년 9월 1일, 가상 현실 게임 <원계>가 오픈한 뒤 36일이 지나고 현실과 <원계>의 세계가 융합되는 사건이 발생한다. 그로 인해, <원계> 고렙 유저들이 세계를 거의 정복하게 되고 게임을 하지 않은 자들은 도태되어 혼돈이 찾아오게 된다. '유해일'은 유일하게 남은 여동생이 고렙 유저들에게 죽임당하게 되는 걸 지켜볼 수 밖에 없었고 자신 또한 그들의 희생자가 된다. 하지만, 그가 다시 눈을 떴을 때, 23년 7월 27일, <원계> 런칭날에 깨어나게 되고 미래에 일어날 대격변을 대비하여 빠르게 레벨업을 하려고 하는데...",탑툰
52,52,환생불사,ciweimao,#빙의#시스템#모험#액션#무협#화,"과로사로 죽어버린 줄만 알았는데 눈을 떠보니 웬 무협 세계가!? 이대로 새 인생을 사는가 싶었더니 자칭 '잉여승천 시스템'이 나타나 열심히 살지 말고 잉여롭게 살다 죽어야만 다음 생에 최강이 될 수 있단다. 단, 고의적인 사망은 제외. 좋아. 그럼 어디 한번 열심히 죽어보자!",탑툰
53,53,뽈쟁이 툰,뽈쟁이,#일상#하하하하#개꿀잼#공감#피씨방#게임#롤#배그#옴니버스#코믹#수,"다시 돌아온 신개념 하이브리드 병맛 만화! 이미 당신은 웃고 있다! 2022년... 집 나갔다 돌아온 뽈쟁이의 ""시즌4""가 시작된다!!",탑툰
54,54,위기의 남학생,시피모모,#개그#학교짱#로맨스#액션#코믹#수,"전학와서 고백을 받았다. 상대는 이곳의 짱 김이나. 이게 말로만 듣던 고백으로 혼내주기? ""다음 도전자는 내일 와줄래?“ 가장 강한 여학생이 날 차지한다! 아니, 잠깐 내 의견은?",탑툰
55,55,그녀는 운동 중,김문도&양양&MAD,#운동#검도#소꿉친구#첫사랑#연상녀#로맨스#드라마#수,"검도장 운영을 위해 10년 만에 고향으로 돌아온 남석. 그동안 남자로 알고 있던 소꿉친구 정빈이가 알고 보니 여자였다!? 둘만 있는 도장, 땀에 젖은 정빈! “검도가 원래 이런 운동이었어?!”",탑툰
56,56,트라이앵글 블러드,무학,#판타지#학원물#판타지#수#일,안정한 인간이 된 하나에게 무언가 어두운 그림자가 스민다. 원의 힘을 노리는 이들은 천상에서 쫓겨난 존재 '라반진'. 이들로부터 위험에 빠지게 되는 순간 하나를 구해주기위해 누군가 나타난다.,탑툰
57,57,누나의 친구들,유월&눈냐,#누나친구#연상녀#짝사랑#20대#로맨스#드라마#일상#수,공무원 시험을 준비하는 '도민'은 공부를 방해하는 누나의 친구들 때문에 정신이 없다. 어느 날 꽃집에서 일하는 '선화'에게 한 눈에 반하게 된 ‘도민’은 누나들에게 도움을 요청하게 되는데… “내가 알려줬던 방법.. 지금 누나한테 해볼래?”,탑툰
58,58,마황의 귀환,Hongshu/WUER COMIC,#무협#회귀#액션#무협#수#일,"팔황 중 제1인으로 성계를 주름잡던 마황 사마영은 믿어왔던 제자의 배신과 나머지 7황의 계략으로 나락으로 떨어지고 만다. 눈을 뜬 사마영은 자신과 같은 이름인 귀운산장 하인 황영의 몸에 들어왔다는 사실을 깨닫고 이 몸으로 다시 수련하여 칠황과 배신한 제자에 대한 복수를 다짐한다. 하지만 그런 그의 발목을 잡은 건 다름아닌 황영의 심마, 귀운산장 아가씨 단운혜였다.",탑툰
59,59,절세무신,정무흔&용역범,#무림#복수#지존#액션#무협#수#일,"현대 세계에 살던 주인공 '임풍'은 뜻밖의 사고로 무림 세계에 살던 약골 '임풍'의 몸에 빙의한다. 무림 세계에선 강자가 곧 지존이고 법이다! 갖은 멸시를 당하던 과거의 약골 '임풍'은 새롭게 태어나며, 무도의 최고봉을 향해 한 걸음씩 올라선다. 그는 과연 자신을 괴롭힌 자들에게 복수를 할 수 있을 것이며, 절세의 무신이 될 수 있을까.",탑툰
60,60,성무신결,아이리더,#소년물#요괴#액션#무협#수#토,"청우가문 출신 임지성의 파란만장 무림 생활을 그린 이야기 지성은 무림 학교에서 자신을 노예 취급하는 문가익과 상냥하고 귀여운 타입의 천재소녀, 자유분방 스타일의 군주, 신비한 요괴족 미녀, 그리고 전설로만 전해져 오던 여무신을 만나게 되는데…과연 지성은 새로운 무림 세계에서 인정받는 고수가 될 수 있을까?",탑툰
61,61,이볼브: 진화의 서막,복자 / 흑조사 / 토끼는 풀을 먹지 않는다,#생존#먼치킨#판타지#수,"갑작스레 지구를 덮친 변이사태. 끝없이 이어진 살육. 겁쟁이였던 난 살기 위해 유일한 가족을 버렸고, 후회는 하루하루 날 갉아먹었다. 죽는 순간까지 스스로를 질책하고 원망했다. 그리고 수없이 다짐했다. 다시 한 번 기회가 주어진다면 결코 후회 없는 삶을 살겠다고. ""나… 죽은 거 아니었어? 여긴… 20년 전 우리집…?"" 나의 염원이 닿은 걸까? 이유는 모르겠지만 이번엔 절대 과오를 반복하지 않으리다. 난 살아남을 것이다. 동생과 함께!",탑툰
62,62,신무천존,LEGEND ANIMATION,#무협#소년물#액션#판타지#액션#무협#수#토,"천계의 9대 지존이었던 이 몸이신통경에 오를 자질을 갖고 태어난 육체에 빙의했다! 그렇다면 온 우주를 호령할 지존이 되는 건 시간 문제.""이제 이 세상의 주인은 나다!""",탑툰
63,63,신으로 태어났습니다,ERA CARTOON,#액션#이세계#성장#판타지#무협#수,"어른 몸을 가진 8살 게임 신동의 차원이동 생존기! ""나 다시 8살로 돌아가게 해줘"" 온라인 게임의 가장 큰 길드를 이끄는 주인공 '시강', 실제 나이는 8살, 신체 나이는 20살 청년, 지능 방면으로 일반인보다 훨씬 뛰어나지만 수명은 고작 30년뿐. 하지만 수명을 모으면 원래 8살로 돌아갈 수 있는데 왜 이렇게 '시강'을 방해하는 마계 무리들이 많은지! 게임에서 배운 8살만의 독특한 상상력과 창의력에 어른신체의 강력한 힘을 더한다면 선인계에서 최강자가 되어 다시 돌아올 수 있을 거 같은데?",탑툰
64,64,원래 악녀가 체질,iReader,#환생#능력물#드라마#수#금,"제약 계의 큰 손 이서하, 그녀가 만드는 약의 효능은 최상급에 속한다. 하지만 라이벌 회사 대표의 계략으로 사고로 죽게 되지만, 나약하기 그지 없어 가족들에게 죽임을 당했던 과거의 또 다른 이서하로 환생하게 된다. 또한 우연히 수천년간 갇혀 있던 수상한 남자를 구해주게 되는데, 그가 가진 능력이 왠지 심상치 않다!? 최상급 단약 제조 기술을 가진 이서하와 강력한 힘을 가진 수상한 남자. 그 둘의 앞날은 과연 어떻게 될까?",탑툰
65,65,현세로 귀환한 최강신선,mello&복숭아나무밭,#소년물#회귀#복수#액션#무협#수#토,"비참한 삶을 스스로 끝냈으나 우연한 기회에 선계로 올라간 '강무혁'. 인간으로서의 삶과는 달리 첨부적인 재능을 인정받아 불과 만 년 만에 천존이 되었다. 그러던 어느 날, 그는 다른 신선들로부터 보물인 무자천서를 지키려다 자폭하게 된다. 하지만 그는 놀랍게도 선계로 올라가기 전, 자신이 서른 살이던 때의 지구에서 눈을 뜨게 된다.",탑툰
66,66,절세종주로 귀환하다,SD cartoon,#전생자#수선#귀환#드라마#판타지#액션#무협#수,"불운을 부르는 전생자 '이환'. 화생대륙에 다시 태어났으나 12살이 되던 해 천애 고아가 되어 만천종 종주에게 제자로 거둬지고, 본격적으로 수선의 길에 오른다. 주변 사람을 해치는 화근이라며 손가락질 받았던 지난 날을 떠올리며 더는 과거처럼 살지 않고 운명을 개척하기 위해 강해질 것이라 다짐한다. 그러나 믿고 따르던 사부가 승천을 목표로 하늘의 시련을 부르던 순간 시련의 번개는 '이환'에게 꽂히고 그간의 비밀과 사부의 실체가 드러나는데… 죽음의 고비 앞에 등장한 시스템은 또 그에게 어떤 영향을 미칠 것인가!",탑툰
67,67,수상한 단톡방,아이리더,#성장#소년물#단톡방#판타지#액션#수,"돈도, 인기도 없는 찌질남 '해준'. 그는 어느 날 모르는 사용자로부터 단톡방에 초대를 받게 되는데, 닉네임이 노자, 태백금성, 탁탑천왕이라고? 어딘가 수상한 단톡방에서 얼떨결에 비책을 구매해버린 '해준'은 특별한 능력을 얻게 되고 그 단톡방이 평범한 곳이 아니라는 걸 눈치채는데... 정체 모를 단톡방 덕분에 180도 달라진 그의 캠퍼스 라이프가 시작된다!",탑툰
68,68,10만년 째 오늘을 살던 놈,황천재상/미니 압정,#무협#빙의#액션#무협#수#토,"수능 고사장으로 향하던 임주환은 트럭에 치이는 사고를 당한다. 이대로 죽는구나 하는 순간, 갑자기 시공을 이동하더니 '홍몽대륙'이라는 곳의 한 문파, 망선종에서 눈을 떴다. 그것도 자신의 몸이 아닌 다른 사람의 몸에서. 하지만 원래 몸 주인의 기억은 전혀 남아있지 않았다. 결국 그는 새로운 인생을 사는 기분으로 망선종에 입문하여 수행의 길로 나아가려 하지만, 홍몽대륙은 결코 호락호락한 곳이 아니었다. 게다가 불의를 참지 못하고 여인을 구하려다다가 칼에 맞아 또다시 죽고 마는데... 그러나 다시 눈을 뜬 그의 앞에 펼쳐진 건 또다시 처음 이 세계로 온 순간의 풍경! 그렇게 같은 날에 10만 년째 갇힌 그는 온 세상을 돌아다니며 세상 사람들이 알 수 없는 비밀들과 지혜를 익히게 된다. 그리고 10만 년 하고도 1일째 되던 날, 그는 드디어 그날에서 벗어나게 되고 그의 진정한 무용담은 이제부터 시작된다.",탑툰
69,69,수련만 삼천년,소청&렌양,#먼치킨#노력파#신선#액션#무협#수,"청명검종의 조사숙이자 청명검조라 불리우는 제 1대 직계제자, '백추연' 어릴 적, 청명검종 창시자, 청명도인의 제자로 거두어져 천재적인 자질로 빠른 성장을 해 많은 기대를 받던 유망주였으나 연기의 다음 경계인 축기에 들지 못한다. 이 후, 스승은 천겁을 이겨내고 선계로 올라가 선인이 되고 '백추연'은 축기에 들기 위해 수명을 늘리고 단약을 먹으며 오랫동안 수련의 길에 들어선다. 그렇게 무려 삼천년이라는 시간 동안 수련을 한 결과, 여전히 축기에 돌파하지 못했지만 연기기 66664장이라는 전례없는 단계를 이룩하게 된다. 선인 이상의 강함을 가진 '백추연'. 삼천년을 수련한 그에겐 더 이상의 강함과 명성은 필요 없었다. 오직 그가 바라는 것은 단 하나, 축기를 돌파하는 것! 그의 축기에 대한 도전은 삼천년이 지난 지금도 계속 이어진다.",탑툰
70,70,신마무쌍,광초불지&남소흑,#무쌍#수련#성장물#드라마#액션#무협#수,"보잘 것 없는 방씨 가문의 하인 '방찬'. 힘을 키워야만 하인의 신분을 벗어날 수 있다는 일념으로 남몰래 여울목에서 수련에 몰두하던 그의 눈앞에 떠내려온 시체 한 구. 가까이 다가가는 순간 알 수 없는 힘이 온몸을 지배하고 이내 정신을 잃고 쓰러진다. 다시 눈을 떴을 때 되살아난 시체가 거래를 제안한다. 수련에는 차고 넘치는 돈과 크나큰 기연이 필요한 법, '방청설'을 죽여라! 진정 출세하고 싶다면 '방청설'도 뛰어넘어야 하지 않는 법이다! '방찬'은 과연 거래조건에 순응하고 원하는 바를 이루게 될 것인가.",탑툰
71,71,수상한 회장님의 비밀,아이리더,#나쁜남자#로맨틱코미디#현대물#로맨스#드라마#수#토,그는 집착이 강하며 권력을 쥐고 있는 현실판 제왕이다. 그녀는 가난한 미녀 만화가이며 사랑을 갈구하는 솔로다. 그런 그와 그녀가 우연히 엮이게 되어 말도 많고 탈도 많은 관계가 되어가는데…,탑툰
72,72,신급으로 레벨업!,연강&China&Literature+GRA STUDIO,#게임#빙의#좀비#몬스터#판타지#액션#수,"'2666년, 외계 생물이 남긴 X-바이러스가 지구를 덮쳐 좀비와 몬스터가 만연하기 시작했고, 생존자들은 헌터가 되어 그들과 맞서 싸워야 했다.' 라는 게임 속으로 현실 세계에서 백수인 내가 빙의했다!? 나는 분명 거절했는데, 어째서 게임 속 주인공이자 샤인 아카데미의 학생 '임태오'로 강제 빙의한 거지? 게다가 시작부터 두들겨 맞는 신세라니… 시작은 비록 거지 같았지만 새로운 인생이 주어졌으니 제대로 한번 살아봐야지. 지켜 봐, 최강 헌터로 거듭나 줄 테니!",탑툰
73,73,만고검신,Mengbai,#소년물#액션#판타지#액션#무협#수,"천하제일의 검술로 강호에 이름을 떨치던 남자, 심 삼공자. 경맥이 끊겨 무공을 잃고 더 이상 수련을 할 수 없는 몸이 된 지금, 그에게 남은 건 허상 같은 화려한 과거와 가족의 배신뿐인 줄 알았는데... '만장검경'을 가르쳐 달라며 자신을 찾아온 소녀. 과연 그들은 강해진 모습으로 강호에 다시 나설 수 있을까?",탑툰
74,74,뢰신전기,PIKAPI COMICS,#성장#제자#판타지#액션#무협#수,"초씨 가문의 사생아로 태어난 '초윤성'은 가문에서도 인정받지 못한 그저 그런 자식이였다. 하지만, 어느 날, 하늘에서 내리친 뇌신의 기운이 그의 몸에 깃들였고 그는 이 기운을 이용하기 위해 때를 기다리며 청룡문의 외문제자로 지내게 되는데…",탑툰
75,75,"환생 여제, 악녀가 되다",MOLENG&DINGDANG,#성장물#시스템#환생#로맨스#드라마#판타지#수,"사람 목숨은 파리 목숨 정도로 여기면서 오직 먹는 것에 목숨 거는 여자 주인공 '명주'! 어느 날 타임슬립 시스템을 통해 여러 세계를 갈 수 있게 되었다. 꼬여버린 세계관 속에서 악역 캐릭터가 된 '명주'는 비상식적 방식으로 교활한 “타깃”을 공격한다. 세계를 정상화시키고 임무를 완수하는 한편, 남자 주인공과도 쫓고 쫓기는 로맨스를 하게 된다.",탑툰
76,76,경매전쟁,전세훈,#드라마#수,"99번째 면접마저도 떨어진 국옥순, 집이 경매로 넘어간 지지, 두 남녀의 인생 역전극이 펼쳐진다.",탑툰
77,77,도시정벌 12부,신형빈,#액션#회귀#드라마#판타지#수,"때때로 간절한 염원은... 기적을 불러오기도 한다. 내 삶의 전부를 바쳤건만 그들이 끝내 '나'란 존재까지 팔아넘길 줄이야! 그들의 음모로 심해에 매장 당했으나 바다 밑바닥에서 기연을 만나게 된다! 다시 눈을 떴을 땐 20년 전으로 회귀!? 그러나, 흘러가는 상황은 이미 과거와 크게 어긋나있었는데…",탑툰
78,78,사신영웅전: 바보 마법사 영웅이 되다,당가삼소&Fat수(A-SOUL),#마법사#영웅#판타지#액션#수,마법사가 된 바보는 세계를 뒤흔들 영웅이 될 수 있을까? 소매치기를 한 대가로 근근이 만두로 배를 채우며 살아가는 '단'. 착한 것인지 아니면 그저 멍청한 것인지 열악한 상황에서도 늘 미소를 잃지 않는다. 그런 '단' 앞에 나타난 대륙 제 1 연금술사 '그리스'와 제 1 킬러 '에반'. 그들과의 만남으로 '단'은 예전과 180도 달라진 삶을 살게 된다. '단'의 운명은 과연 어떻게 뒤바뀔 것인가!,탑툰
79,79,이세계의 최강레벨업,자수야,#복수#빙의#시스템#판타지#액션#완결,"“용사여, 나를 쓰러트리면 공주는 바로 너의 것이다.” 게임의 마지막 보스몹을 깨는 중요한 순간, 드디어 공주를 영접하나 했더니… 갑자기 컴퓨터 속으로 빨려 들어가 게임 캐릭터 '조방'에게 빙의 되었다. ‘이 풀, 이 땅, 그리고 저 사람들, 모두 리얼하다. 여긴 진짜 현실이야!’ 게임 아이템도 그대로 존재하고 말을 거는 시스템도 있다. 하지만 새로운 현실 속에서 그는 빈털터리 레벨 0의 최약체! 집안에서는 비웃음을 받고 목숨까지 위협당하고 있었다. 어서 빨리 강해져야 해! 과연 그는 이세계에서 살아남을 수 있을까?",탑툰
80,80,열혈장사꾼[애장판],박인권,#드라마#액션#드라마#액션#완결,달은 천만번 이지러져도 그 모습 그대로이고... 장사꾼은 천만번 넘어져도 오늘 장터로 떠난다. 그것이 「장사꾼의 곤조」다. 대한민국 최고의 「거상」─ 장사에는 마법이 없다. 다만 내가 마귀가 될 뿐이다.,탑툰
81,81,천계구매대행,Hungry Studio,#소년물#천계#구매대행#드라마#판타지#완결,"내 이름은 '김무형', 대학교 2학년생. 아르바이트로 구매대행을 하고 있는데, 이게 제법 쏠쏠하다. 이번 거래를 마치면 크게 한탕 벌 수 있는데…. 불법 구매 대행이라 물건을 전부 압수당했다. 망했다!!! 그 물건은 조폭 조직 아가씨가 구매 요청한 거라고!! 살기 위해 할아버지와 살던 집을 담보로 내놓으려고 하는데, 어라? 이 문을 열어보니 그곳은….. 네? 제가 천계에서 구매대행을요?",탑툰
82,82,앙(怏),김진수,#양육강식#복수#사이다#생존#배신#스릴러#범죄#소년물#액션#폭력#일진물#참교육#드라마#완결,"약육강식 최하위 1급 찐따, 매일같이 계속되는 폭력에 무너져버린 오흥선의 일상. 죄의식 없는 가해자들의 인생을 지옥으로 밀어 넣기 위한 소년의 처절한 복수극이 시작된다.",탑툰
83,83,실연 전당포,김래현&박우진,#기억상실#반지#실연#로맨스#드라마#판타지#목,"물건이 바뀌는 순간 사랑도 바뀐다! 여자친구 마진에게 프러포즈를 하려고 하려던 영남은 그녀의 바람 현장을 목격하게 된다. 큰 충격에, 골목길을 방황하다 홀린 듯 '실연 전당포'에 들어가게 되는데... “다 잊어버려도 괜찮겠어?”",탑툰
84,84,사각사각 로맨스,말초코칩,#첫사랑#고등학교#로맨스#순정#츤데레#검스#교복#로맨스#코믹#무료연재#일상#목,"무뚝뚝한 찬우, 그 옆자리 차가운 설희. 문득 던진 찬우의 한마디 말에 얼음같던 설희의 심장이 요동치기 시작한다. 10대 고교생의 서툴고 달콤한 첫 사랑!",탑툰
85,85,레벨업에 미친 의사,ZhiNiaoCun&JSCR,#각성#현대판타지#의사#드라마#특별한능력#판타지#목#일,"'퀘스트 : A급 봉합술 패키지, 수락하시겠습니까?’ 시험 삼아 눌러본 수락 버튼에 손 끝의 감각이 살아난다. 가만, 이거 퀘스트만 잘 따라하면 전공의 합격은 문제 없겠는데?",탑툰
86,86,최강 헌터로 살아남는 법,대행도,#좀비#회귀#소년물#판타지#액션#목,"219년 3월 1일, 하늘이 핏빛을 머금고 붉은 비가 쏟아지던 그 날, 미지의 바이러스로 인해 사람들이 좀비가 되기 시작하면서 인류는 종말을 맞이하게 되었다.",탑툰
87,87,독보소요,요요,#무림#고수#천하제일#드라마#액션#무협#목,"하늘에서 뚝 떨어진 사내, '강지훈'! 안 씨 가문의 아가씨, '안지연'의 데릴사위가 되다?! 낯선 땅에 떨어지자마자 혼례를 올리게 된 '지훈'은 천화종의 장로에게 목숨을 위협받게 된다. 기지를 발휘해 아수라장을 빠져나갔지만 사방에 위험이 도사리고 있는 그에게 믿을 건 수련 뿐! 밤낮없이 수련했지만 성과를 얻지 못한 그는 우연히 안 씨가문 내전에 의해 지하궁으로 빠지게 되고 그곳에서 모든 이들이 탐내는 보물 '황금천서'를 발견한다. 황금천서를 얻은 '지훈', 그는 과연 천하제일의 고수가 되어 강호를 주름잡을 수 있을 것인가",탑툰
88,88,별빛 아래 우리,건일,#동갑#미소녀#순정#학교#로맨스#목,"우정과 사랑의 줄다리기, 11년 지기 여사친과 남사친의 선택은?! 인생에서 가장 찬란한 10대를 보내고 있는 청춘들이 선보이는 풋풋한 첫사랑, 그리고 빛나는 우정 이야기.",탑툰
89,89,원존: 용의 비상,Dr. 대길&천잠토두,#성장#소년물#액션#드라마#무협#목,용의 기운을 빼앗긴 대주국의 세자 '주원'은 원사 수련이 불가능해져 약한 체질로 낙인찍힌다. 그러나 붓으로 주문을 새기는 기술을 수련하면서 또 다른 힘을 보여준 '주원'은 용의 기운을 앗아간 무왕국의 세자와 맞붙게 되는데… 용의 기운을 되찾고 쇠락한 나라를 다시 일으켜 세울 수 있을까?,탑툰
90,90,멸망할 도시의 회귀자,Yuewen,#소년물#멸망#회귀#판타지#액션#목,"우주에 세워진 인간들의 도시, 드래곤 시티가 함락됐다. 이계 몬스터들의 습격과 무자비한 공격에 손쓸 도리 없이 당하던 '서훈'은 결국 죽음에 이르렀는데 다시 눈을 뜬 곳은 수업이 한창인 고교 시정 교실이었다. 인생 2회차를 맞이한 '서훈'은 과거의 기억과 시스템을 활용해 드래곤 시티의 멸망을 막기로 한다.",탑툰
91,91,무도독존,소요&대머리스타,#복수#요괴#마신#액션#무협#목#토,"가문에서 버려진 주인공은 부모님의 복수를 하고자 끊임없이 강해지고자 노력한다. 그러던 어느 날 우연히 만난 노인으로부터 신령보의를 얻고, 축기신단을 복용하게 되며, 통천경도를 수련할 수 있는 기회를 얻게 된다. 그리고 굳센 의지와 함께 아무도 막을 수 없는 그의 무도 수련의 길이 시작된다. 불후황조, 만고대교. 기괴한 요괴와 마신들까지 그의 앞을 가로막는다지만 그는 절대 두려워하지 않는다.",탑툰
92,92,"흙수저, 시스템에게 선택받다",이십사&tab&소행도,#소년물#특별한능력#시스템#판타지#액션#목,"대재앙이 있은 후 A시는 잊혀진 도시로 전락했다. 신분 상승을 위해서라면 희망의 도시 H시로 가거나, 군사학교에 입학해 에스퍼 솔져로 거듭나야 한다. '고지웅'은 A시 출신으로 H시의 군사학교를 목표로 열공 중이었는데 '시스템'의 등장이 평범했던 일상과 운명을 뒤흔든다.",탑툰
93,93,역천지존,kuyayumu,#무협#액션#소년물#판타지#액션#무협#목,"일만 번의 윤회, 일만 번의 죽음 끝에 자유를 얻게 된 담운. ""나의 강함을 질투해 윤회의 굴레에 빠트린 자들에겐 피의 복수를 안기리라."" 수많은 윤회로 최강의 고수가 된 그를 감히 막을 자는 누구인가!",탑툰
94,94,능천신제,자수야,#복수#성장#드라마#판타지#액션#무협#목,"신제들의 스승이었던 주인공은 제자들에게 배신 당해 목숨을 잃지만 기적적으로 능 씨 가문의 '능검진'으로 환생한다. 그는 자신의 장례식 날, 관 속에서 눈을 뜨는데, 알고 보니 원래 몸의 주인은 '이천룡'에게 무혼을 파괴당해 비참하게 죽은 상태였다. 전생의 기억으로 모든 과거를 알게 된 '능검진'은 신계의 제자들뿐 아니라, 현계에서 능가를 모욕한 자들에게도 복수하기로 다짐한다. 신계에 있을 때 자신이 만든 비서를 이용해 순식간에 무공을 길러 최고의 경지에 이른 '능검진'. 이제 모든 이들이 그의 앞에서 무릎을 꿇을 일만 남았다.",탑툰
95,95,선조귀환,소명태극,#요괴#소년물#현대물#드라마#판타지#액션#무협#목,"천지의 모든 것을 손바닥 뒤집듯 부릴 수 있는 자들만 이름을 올리는 '통천방'. 그 통천방의 일인자였던 '우창현'은 천겁을 버티지 못 하고 소멸하게 된다. 그러나 3천년 뒤, 인계에 나타난 '우창현'은 자신이 세운 종문인 청현종에 다시금 모습을 드러낸다!",탑툰
96,96,투맨,공종철&유태순,#빙의#왕따#조폭#조직#드라마#액션#목,"억울한 누명을 쓰고 살해된 강력계 형사 '강태식'. 복수를 위해 왕따의 몸으로 빙의되다! 형사와 왕따, 두 남자의 고군분투 리얼액션!",탑툰
97,97,말단 병사에서 군주까지,doip&소울풍&2631,#회귀#용병#전쟁#기사#액션#소설원작#판타지#목,"말단 병사 시절. 전장에서 오른팔을 잘린 '크리스'는 살아남기 위해 온갖 잡기를 익힌다. 그렇게 24년이 지나 어느 날, 상단을 호위하는 임무 도중 왼팔 마저 잘리고 벼랑으로 떨어진다. ""이렇게 실감 나는 꿈은 처음인데..."" 끝났다고 생각한 순간, '크리스'는 오른팔을 잃었던 그 때의 전쟁터로 회귀하는데...",탑툰
98,98,만계선종,아이리더,#소년물#액션#복수#판타지#액션#무협#목,"16년 전 성운은 약한 몸을 가지고 태어난다. 성운의 조부는 약한 아이가 걱정되어 천원신종의 제결 사부에게 아이를 입양 보낸다. 제결 사부는 성운을 친자식처럼 아끼며 극진히 보살핀다. 한편 속세에 남아있던 성운의 가족은 목야 전투로 인해 모두 몰살당하고 만다. 성운은 자신의 가족을 죽인 원수들을 향해 큰 분노를 갖게 되고, 그 분노는 복수라는 씨앗을 키우게 된다. 평소 사부 제결에게 모든 것을 의지했던 성운은 어느 날 갑자기 제결로부터 천원신종의 자리를 물려받으라는 제안을 받는다. 그 제안을 받아들인 성운은 홀로 천원신종을 다스리게 되는데...",탑툰
99,99,로벨: 악의를 계승받은 자,MOKF&가심(可心),#전쟁#복수#학원물#드라마#판타지#목,"초강대국 슈르트와 라이오니아의 영토 분쟁은 수많은 전쟁을 일으켰고, 전장의 승패를 가르는 강력한 존재가 있었으니 바로 워로드라고 하는 자들이었다. 워로드였던 '로벨'의 아버지 '로드릭'의 배신으로 라이오니아의 패색이 짙어졌고, '로벨'은 매국노의 아들로 낙인 찍혀 어머니와 함께 힘들게 살아가고 있었다. 그러던 어느 날, 국가의 감시와 규제 속에서 희망 없이 살아가던 '로벨'의 앞에 그가 숭배하던 영웅, 파이브의 수장 '피닉스 레온'이 나타나 새로운 길을 열어주는데, 그것은 바로 무법지대에 위치한 범죄자들의 집합소와 같은 어비스 학원에 입하는 것. 어비스 학원에 입학한 '로벨'에게 완전히 새로운 세상이 펼쳐진다. 그리고 그가 증오했던 아버지에 대한 진실도 차츰 밝혀지는데...",탑툰
100,100,"대표님, 오늘은 아니에요",iCiyuan,#만남#원나잇#로맨스#드라마#목#일,"악연도 이런 악연이 없다. 하룻밤의 쾌락을 위해 만난 사람이 맞선남이라니. 이 사람은 왜 자꾸 나한테 결혼하자고 하는 거지? 그 일을 약점잡아 날 가지고 놀겠다는거야? 어림도 없지. 어차피 해야 할 결혼이라면, 내가 결정하겠어.",탑툰
101,101,게임이라는 이 세계에 구원을,열문&춘일문화&Kuaikan Comics&연화성,#소년물#이세계#회귀#액션#무협#목,"미래도시. 이 세상에서는 '게임'이라 불리는 이세계로 이동할 수 있는 포탈이 존재한다. 게임 속으로 들어가 몬스터를 처치하고, 거기서 얻은 아이템과 능력치를 받아오던 사람들.",탑툰
102,102,최애에게 들켜버렸다,Lv,#두근두근#순애#연예계#아이돌#로맨스#목,하필 나의 최애에게 보여서는 안 될 그림을 들켜버렸다?! 마이너도 한순간에 메이저로 만드는 홍예림. 아이돌 연습생 남도윤에게 입덕하다!,탑툰
103,103,환생요마뎐,열문그룹,#월간연재#빙의#요괴#성장#소설원작#판타지#무협#목,"퇴근길에 트럭에 치여 죽은 주인공, '고성'. 눈을 뜨자 자신의 가슴을 뜯어먹는 요괴를 발견하고 떼어내기 위해 안간힘을 쓴다. 이어서 들어오는 몸 주인의 기억들로 상황을 파악한 '고성'은 자신이 환생하기 전, 가지고 있었던 목걸이가 귀물들을 흡수한다는 사실을 알게 되고 얼떨결에 자신을 물어 뜯던 요괴를 길들이게 되는데...",탑툰
104,104,이세계에서 로그아웃하는 방법,Neoman,#가상현실#빙의#시스템#탈출#판타지#액션#목,"가상현실게임 '코스모스'에 갇힌 지 1,095일- 이 지옥같은 세계에서 벗어날 수 있는 방법은 하나. 「'???'을 죽여라.」 난 반드시 '???'을 죽이고 이곳을 벗어날 것이다.",탑툰
105,105,청소부K,신진우&홍순식,#영화#복수#청소부k 작가#스릴러#액션#완결,"대한민국 3천만 독자의 검증을 받은 <청소부K>. 그의 두번째 전설이 시작된다. 딸을 강간한 권력자들을 말살해 수배범이 된 김진(金眞). 그의 또 다른 이름 ""청소부K"" 은신생활을 하던 그의 앞에서 또 다시 극악무도한 인신매매가 벌어진다. 서울에서는 '청소부K'를 자청하는 모방범이 기승을 부리는 와중에 김진은 동료의 부탁에 따라 일본으로 향하게 된다. 그리고 그를 중심으로 일어나는 수많은 장애.. 과연 김진의 운명은?!",탑툰
106,106,골브레이커,준기,#개그#개꿀잼#17금#골브레이커#옴니버스#일상#코믹#일상#금,"방심하던 당신의 골을 강타하는 아슬아슬한 17금 개그의 골 때리는 만화가 왔다!! 여왕님, 당신을 주십시오!!",탑툰
107,107,건물주 누나,콩비지,#건물주#순수녀#누나#백치미#자매#로맨스#드라마#금,"착하고 예쁜 하리는, 늘 자신의 집에 얹혀사는 민우를 챙겨준다. 정작 민우는 하리를 누나도 아닌 '아줌마'라 부르며 무시해왔는데... 자신을 남자로 보지 않았다는 듯한 말에 괜히 자존심이 상한다. 충동적으로 누나를 붙잡게 된 순간! 뭐야? 왜 두근거리는 건데!!?",탑툰
108,108,놈의 기억,윤이나&백진우&김종현,#미스테리#소설원작#스릴러#복수#판타지#의사#드라마#액션#금,"천재 뇌 과학자 한정우는 사랑스러운 아내가 싸늘한 주검이 되어 있는 것을 발견한 순간 괴한이 휘두른 둔기에 머리를 맞고 의식을 잃고 쓰러진다. 1년 후, 범인을 잡겠다고 다짐하며 기억 속에서 흔적을 찾기 시작하는데… 놈의 기억은 이제 내 머릿속에 있다!",탑툰
109,109,차원이동 레벨업,시대만왕,#소년물#시스템#레벨업#판타지#금,"[정령사:나타르전기] [소르골전기:천년전쟁] 제작진의 2020신작! 삼류 웹소설 작가에서 구독자 백만의 일류 너튜버가 된 '사윤재'. 그 비결은 꽤 괜찮은 외모와 백만안티를 부르는 관종 어그로에 있다. 비록 지금은 어그로로 먹고 살지만 가끔은 관종짓 말고 정상적으로 새로운 삶을 시작하고 싶은 맘이 들 때도 있다. 그러던 어느 날 난데없는 교통 사고와 함께 시스템이 구동되었다. [시스템이 활성화 되었습니다.] [메인 맵이 현재 장소로 고정되었습니다.] ""아니... 내가 새로운 삶을 원한 건 그냥 푸념이었다고!!!"" ""다시 원 세상으로 돌려줘!!!"" [전체 맵을 활성화하면 자유로운 이동이 가능합니다.] 뭐야? 그럼 레벨업을 하면 원래 세상으로 돌아갈 수 있단거야? 과연 '사윤재'는 무사히 지구로 돌아갈 수 있을까?",탑툰
110,110,무법신선의 도시강림,가람&편연연우중,#로맨스#액션#무협#드라마#판타지#금,"누군가는 나를 천존(天尊)이라, 천제(天帝)라 부르기도 했다. 하지만 지금 내 이름은 '임 윤'. 삶의 목표는.. 오래전에 놓친 내 연인을 찾는 것! 그러나 겨우 다시 만난 연인은 날 기억하지 못하고, 오히려 기억을 찾는 것을 거부하는데... ""네 곁에서 온갖 위협으로부터 널 지킬 거야.""",탑툰
111,111,계약 남편에게 끌리는 이유,열문그룹&장미 스튜디오,#계약 결혼#복수#재벌#로맨스#드라마#금,"혼인신고 전날 남자친구의 바람을 목격해버린 '윤수빈'. 깊은 배신감에 '수빈'은 복수를 결심하게 되고 우연히 자신처럼 혼인신고 날 상대에게 바람맞은 WOO 컴퍼니 대표 '우도준'을 만나게 되는데... ""당신도 지금 상황 곤란한 거 같은데, 이렇게 된 거 우리 계약 결혼을 해보는 건 어때요?""",탑툰
112,112,소르골 전기: 천년전쟁,시대만왕,#무협#시대극#이세계#드라마#판타지#금,"게임 BJ인 '희청'은 <정령사: 나타르 전기> 게임을 하던 도중에 소르골 캐릭터를 뽑은 첫번째 유저가 되고 의문의 전화 한 통과 함께 미지의 세계로 넘어간다. 진시황의 암살이 성공해 통일되지 못한 상태로 천년을 이어져온 전국시대. 각 국가마다 발전시킨 무공비급과 신식기술이 치열하게 대립하는 가운데, 불사불멸의 소르골을 지닌 주인공의 활약이 시작된다. 땅의 결계 지쇄 9경과 하늘의 결계 천봉3관을 돌파하고 천년전쟁을 마무리 할 인물은 과연?",탑툰
113,113,주인님의 예비신부로 환생했습니다,iReader,#배신#환생#복수#드라마#금,"주인과 함께 전장을 누비던 백호 백랑, 어느 날 전장에서 부하의 배신으로 주인과 백랑은 함께 죽임을 당하게 된다. 자신이 죽은 줄 알았던 백랑, 그녀는 예전 그녀의 주인과 혼담이 있었던 여인의 몸으로 환생하게 된다. 과연 주인은 그녀가 백랑 이었다는 걸 알아볼 수 있을까? 그리고 그 둘은 과연 자신들을 배신한 부하를 찾아 복수를 하게 될까?",탑툰
114,114,공주전쟁,Hujing&Luojie,#동화#미녀#판타지#서바이벌#로맨스#금,"장화 신은 고양이가 건넨 환생의 기회! 이름하여 ‘프린세스 서바이벌 게임 사랑과 돈, 새로운 인생! 모든 것을 얻기 위한 동화 속 공주님들의 서바이벌 게임이 시작된다!",탑툰
115,115,슈퍼큐브: 최강 고딩이 되는 법,SLSS,#액션#소년물#성장#판타지#금,"평범한 고등학생 '한태오'는 짝사랑하던 여자애가 자신을 좋아한다는 걸 알게 된다. 그러나, 그녀를 좋아하는 일진에게 찍혀 강에 빠지게 되고, 신비한 큐브를 얻는다. 큐브의 능력이 조금씩 드러나며 그의 일상이 조금씩 뒤틀리는데.. '태오'는 과연 세계 최강 고등학생이 될 수 있을까?!",탑툰
116,116,최강 초능력자가 힘을 숨김,Changpan Warrior,#판타지#액션#판타지#금,"나는 먹이사슬 최하위 계급 초능력자. 우리같은 사람들을 부르는 단어는 여러가지가 있지. 노예, 사회악, 신의 실수 등등. 우리가 대체 무슨 잘못을 했길래 이런 취급을 받아야 해! 이제 숨겨뒀던 힘을 개방할 때가 왔다.",탑툰
117,117,"용서해줘, 제자님",구구&whitecuty&팔삭&이특비사,#소년물#여제자#육성#코믹#액션#무협#금,"수없이 많은 혼세를 넘나들며 인류를 위한 천명을 수행하는 그. 태초의 혼돈 속에서 소생하여 새로운 세계에 재림하였다. 이 세계에서는 누구를 군주로 양성할까… 아니, 남자를 키우는 건 이제 됐어. 이 사부는 귀여운 여제자가 필요하다고! 간단한 소망인데 어째서 이뤄지지 않는 거야?!",탑툰
118,118,대공님에게 빠져버렸습니다,PIMO,#환생#이종족#로맨스#드라마#판타지#금,"""내 삶이 이런 결말이었다면 시작도 안 했어"" 나는 늘 쓸모 있는 사람이 되고 싶었기에, 어디로 가는지도 모르는 채 남들의 말과 시선에 휩쓸려 살아왔다. 내 노력의 대가가 죽음이라면… 이 세상에 아마 신은 없는 것 같다. ""이제부터 네 이름은 에스델이야"" 그렇게 내게 주어진 두 번째 기회. 이 기회마저 놓칠 수 없기에 스스로 변하기로 결심했다. 더 이상은 누군가의 꼭두각시가 아닌, 나로 살겠다고. 이제는 내가 가진 그 무엇도 놓치지 않을 거야. 내 신분, 명예, 그리고... 대공님까지도.",탑툰
119,119,흙수저에서 최강 투신으로,comicloft&열문그룹,#회귀#시스템#소년물#판타지#액션#금,"나... 10년 전으로 회귀했어. 그런데 내가 살던 곳이랑은 좀 다른 것 같다. 이 세상에서는 '무투가'라는 특별한 재능이 존재한다. 그들은 강해질수록 부와 권력을 거머쥘 수 있으며, 무투가가 되기 위해서도 굉장한 노력과 비용이 든다. 그런데 우리집은 가난하단 말이지. 다시 사는 인생이니 좀 출세하고 싶은데… 어렵사리 무투가의 길을 선택한 그에게, 시스템이 나타난다. 최강 투신? 내게는 치트키가 있으니 문제 없어!",탑툰
120,120,로아즈,문원경&감자구라탕,#소년물#성장#SF#판타지#액션#금,우주를 파괴할 수 있는 막강한 에너지를 지닌 외계 로봇 '로아' 그리고 소년병으로 키워진 미래의 지구 소년 '케이' '그들이 펼치는 스페이스 액션 활극',탑툰
121,121,보일러,이동화&정상훈&조라은,#느와르#범죄#정치#드라마#액션#금,"막강한 비선실세가 대통령의 탄핵을 막아낸 시대. 적폐를 외면하고 정의가 사라진 세상에 정계와 재계 그리고 주먹을 가진 세 친구가 반기를 든다. 정치란 세상을 이롭게 하는 것이라는 신념 아래 모인 세 친구, 그들을 짓밟으려는 비선실세와 비밀조직 인혈당의 거대한 암투가 시작된다.",탑툰
122,122,이세계에서 만렙 찍기,모에왕&관이일천,#프로게이머#이세계#소년물#성장#액션#무협#금,연봉 억대의 프로게이머 '이태하'는 게임 세계 속으로 차원이동한다. 그곳에서 신기고지에 봉인 된 '해천현인'이라는 고수를 만나 그의 제자가 된다. '해천현인'을 통해 '이태하'는 천재적인 능력을 발견하게 되고.. '이태하'는 자신의 능력을 발휘할 수 있는 이 세계에서 살기로 결심한다.,탑툰
123,123,시스템 마스터: 레벨 1부터 시작하다,ManDongzuo,#소년물#성장#시스템#판타지#액션#금,"게임 아이템을 만들어 현금 거래를 하며 살아가는 주인공, '이도훈'은 어느 날 악질 사기꾼 폭력배인 '황재범' 일당에게 잡혀 곤욕을 치르게 된다. 그러던 중, 머리를 돌모서리에 찍히게 되면서 ‘시스템’이 그의 몸에 각성하게 되는데…",탑툰
124,124,엘피스 전기: 더 라스트,당가삼소&Dr.대길&Bart;.D,#성장물#스피릿#드라마#판타지#액션#금,"엘피스 연방 과학연구원 소속 탐사대 대원들은 신비한 알을 발견한다. 소울 몬스터의 알이라고 생각한 알에서는 한 아이가 태어나는데… 그 아이의 스피릿은 블루그래스. 한편, '레온'과 '셀레나'는 기억을 잃은 채 서로 다른 곳에서 깨어나게 된다. 과학의 발전과 함께 전혀 다른 세상이 되어버린 엘피스의 세계. 알에서 태어난 아이는 '슈렉'의 일곱 괴물의 일원이 되어 다시 한번 전설을 창조할 수 있을 것인가?",탑툰
125,125,천일의 아내[전연령],0510&베리&죠이나,#사각관계#어긋난 사랑#욕망#로맨스#드라마#금,재계 10위 서문 그룹의 며느리 조은애. 운전기사 딸에서 일약 신분상승한 신데렐라로 화제였지만 현실은 여전히 천대와 남편의 외면까지 받는 재투성이다. 심지어… 올해로 결혼 3년 차 주부인데 순결한 모.태.솔.로! 허울 뿐인 남편 놈이 순정을 바치는 곳은 따로 있기 때문인데?!,탑툰
126,126,대표님은 나밖에 몰라,iReader,#로맨스#배신#복수#회귀#수#금#드라마#금,"믿었던 남자에게 배신 당해 죽게 된 나, 여가인! 그렇게 죽은 줄로만 알았는데 눈을 떠보니, 다시 환생 하여 스무 살의 나로 돌아왔다?! 이제 날 배신한 사람들에게 복수를 시작하겠어! 근데 내 옆에 이 남자! 모든 걸 다 가진 남자가 내게 왜 집착 하는 거야? 과연 나는 진짜 사랑을 찾고, 나를 배신한 사람들에게 통쾌한 복수를 할 수 있을까?!",탑툰
127,127,"악역이지만, 남주는 꼬시지 않아요",마북명&kuri,#무협#액션#빙의#악역#판타지#시종#로맨스#금,"체육 교사 연분홍, 만화 <다정다감한 그녀의 남주는 다 좋아!> 악역 '주다홍'으로 빙의하다! 남주들의 사랑을 듬뿍 받는 여주가 아닌 극악무도한 빌런이라니... 과연 그녀는 원래의 결말을 뒤집고 현실 세계로 돌아갈 수 있을까?",탑툰
128,128,그냥 한잔할까요?,블랭&김수환&망크빵,#현대물#회사원#개그#힐링물#TS#판타지#코믹#일상#토,"대기업 인사 파트 재직 중인 '최시현', 로봇같이 일 밖에 모르던 그에게 일생일대의 위기가 찾아온다. ""내가 여자가 된다니?!!"" TSVID에 감염되어 남자에서 여자로 성별이 바뀌고 만다. 그것도 어린아이의 몸부터 시작하고 만다. 몸은 작아졌지만 두뇌는 그대로! 어린 여자아이의 몸에서 인생 2회차가 시작된다.",탑툰
129,129,여름방학,병수씨,## 대학생#스무살#여름방학#소꿉친구#고향동네#병수씨#로맨스#드라마#일상#토,,탑툰
130,130,편의점 샛별이,활화산&스기키 하루미,#알바생#코믹#일진#드라마#완결,"4년전 골목에서 만난 위험한 여고생이 우리 편의점에 심야알바로 들어왔다! 30대 남자점장과 스무살 여대생의 핵꿀잼 스토리! 편의점을 운영하던 대현은 야간 알바생을 구하던 중 미모의 여대생을 면접보게 된다. 속으로는 쾌재를 불렀지만 이내 굳어지는 그의 얼굴. 그녀는 바로 4년 전, 골목에서 대현에게 담배를 사다달라던 일진 여고생 샛별이었던 것! 대현은 샛별을 뽑을지 말지 인생 최대의 고민에 휩싸이는데...",탑툰
131,131,복천성주,강남풍&아자,#복수#성장물#드라마#판타지#액션#토,"'이강천'은 시골 마을 출신으로 한 번도 싸움에서 이겨 본 적이 없다. 절름발이 할배보다 느린 속도, 장님 할배보다 못한 정확도… '강천'은 마을에서 가장 나약한 존재였다. 그러던 어느 날, 마을에 정체를 알 수 없는 자가 나타나 마을 사람들을 모조리 죽여 버렸고, 바보 같은 '강천'은 겁쟁이처럼 숨어 있기만 했다. 그 사건을 계기로 '강천'은 마을을 떠나 강해지기로 마음 먹는다. 강해져야만 그 자를 찾고, 억울하게 죽은 사람들을 위해 피의 복수를 할 수 있다. 강해져야만 운명을 거슬러 소중한 사람들을 지켜낼 수 있다! 반드시 강해져야 한다!",탑툰
132,132,서큐버스가 되어버린 기사님,SFACG&HANTANGGUILAI,#서큐버스#소년물#마족#판타지#액션#토,"마족을 소탕하기 위해 꾸려진 성기사단, 그중 기사왕인 '루이스'는 마족과의 전쟁 중 서큐버스 여왕에게 붙잡히게 된다. 그런데 서큐버스 여왕은 그에게 죽음이 아닌 자신의 '딸'이 되길 강요하는데…?! ""아아- 사랑스러운… 나의 딸."" 성기사에서 서큐버스가 되어버린 '루이스'는 겨우 마계를 탈출하고 '카렐'이라는 이름으로 살아가고 있었지만 그(그녀)의 삶은 순탄치만은 않다.",탑툰
133,133,나홀로 무한전직,재주(QI ZHOU),#좀비#시스템#먼치킨#판타지#토,연이은 직업 각성 실패로 무직자 신세를 벗어나지 못한 지환. 유일한 버팀목이자 천재 헌터로 불리던 동생이 좀비 바이러스에 감염되었지만 무직자인 지환이 할 수 있는 건 절규 뿐. 자신의 무기력함 앞에 좌절하던 그때…,탑툰
134,134,천신회귀,YU ZHE,#선계#회귀#판타지#액션#무협#토,"최연소로 수선계에 등선한 '임결'. 무서운 속도로 성장하는 그를 수선계 장로들은 아니꼽게 보았고 자신들의 자리를 넘본다는 착각에 비밀리에 그의 목숨을 여러 차례 위협하게 된다. 그럼에도 불구하고 죽지 않자 장로들은 자신들이 직접 나서 그를 처단하기로 결정하고 습격한다. '임결'은 자신의 죽음을 직감하여 이런 사태를 대비해 챙겨놓았던 천신의 무구, '구천현리'를 발동시켜 동귀어진을 선택한다. 죽은 줄만 알았던 '임결'은 자신의 의식이 살아있음을 확인하고 눈을 떴더니 과거 자신의 집안이 무너져 친부의 지인의 집에서 깨어나게 되는데... 전생에서 겪은 억울한 대우와 차별을 받지 않기 위해 그는 새로이 인생을 시작하여 천신이 되리라 다짐한다!",탑툰
135,135,블러디 발렌타인 : 인류종말,Bluemoon&Twenty4,"#좀비#종말#생존#소년물#판타지#공포,스릴러#토","서기 2028년 산 자가 죽은 자를 부러워하는 세상. 세상은 멸망했고, 인류의 종말이 눈 앞이다. 마지막까지 살아남은 인류 최후의 1인 준석은 감염자들과 싸우다 장렬히 산화한다. 시끄러운 소리에 눈을 떠보니 인류종말로부터 정확히 10년 전, 2018년 2월 14일 인류의 종말이 시작된 바로 그 날이다. 왜 다시 돌아왔을까? 생각할 시간도 없다. 인류종말은 또다시 시작되니까. 그리고 이번에는 살리지 못했던 사람들을 살려내야 한다. 내가 지켜야 한다. 자신 있다. 난 모든 이들보다 10년 앞서 있으니까.",탑툰
136,136,나홀로 초능력자,GUMINGYUEYE&NAMU,#인생역전#판타지일상#로또#확률#능력물#드라마#코믹#토,"가난한 삼류 작가 '백무'. 밑바닥 인생을 한탄하며 복권을 구매한다. ""어제 밤새 작업해서 눈이 맛이 갔나..? 이게 뭐지..?"" 복권 위로 보이는 확률, '백무'는 자신의 눈에만 보이는 확률로 인생 역전을 할 수 있을까?",탑툰
137,137,엔드리스,"윤준식, 박하연",#먼치킨#시스템#액션#토,현실과 가상현실이 구분되지 않는 머지않은 미래. 주인공과 그의 게임캐릭터가 힘을 합쳐 변하지 않는 소중한 가치를 지키기 위해 싸운다.,탑툰
138,138,도군,China Literature&약천수(원작)&Yueguan Baishao,#소년물#환생#이세계#판타지#액션#무협#토,"고고학자로 살아가며 사람들에게 ""도야""라는 이름으로 불리던 주인공은 어느 날 묘혈을 조사하던 중 구리거울을 발견하게 되고, 구리거울을 떼어냄과 동시에 묘혈이 무너지며 다른 차원으로 이동하게 된다. 눈을 떴을 땐 ""우유도""라는 어린 소년이 되어 있었고, 신비한 모습을 하고 있는 노인에게 묘혈에서 봤던 것과 똑같은 구리 거울과 노인의 모든 내공을 전수 받아 ""상청종""으로 가라는 부탁을 받게 되는데…",탑툰
139,139,"아빠 하나, 아들 하나",열문그룹&jiangjinghaiqi&공자여설,#격주연재#원나잇#싱글맘#호텔 매니저#로맨스#드라마#토,"호텔 매니저로 일하고 있는 싱글맘 '강지원'. VIP 고객을 모시러 일찍 나와 준비를 하던 중 또 다른 VIP 고객을 만난다. 잠깐, 그런데 이 남자... 6년 전, 원나잇 상대 '황보결' 총재잖아? 주목 받기 싫었던 지원은 열심히 '황보결'을 피해 다닌다. 하지만 도망치려 할수록 자꾸만 그 사람과 엮이게 되는데...!",탑툰
140,140,어쩔 수 없이 지구정복,Baimaotang Comic,#격주연재#소년물#배신#판타지#액션#토,"우강대 졸업생인 '고양희'는 초능력자이며, 그의 소꿉친구인 '이예찬'은 재벌2세이다. 어느 날 뜻하지 않게 옛 친구의 배신을 당하고 '고양희'는 최강 악역 보스가 되기로 결심한다.",탑툰
141,141,기초 만렙 김대찬,이소난,#만렙#싸움의 신#드라마#판타지#액션#토,엔드 학원의 만년 유급생인 '김대찬'. 학교에서까지 잘린 그는 우연한 기회에 어머니의 유품인 목걸이로 남십자별에 가게 되고 그곳에서 폭발적인 힘을 얻게 된다. 그는 과연 싸움의 신으로 거듭날 수 있을까?,탑툰
142,142,아주 특별한 연애,Rainie,#짝사랑#순정#로맨스#드라마#토#일,"185cm의 키에 소심한 성격인 '연우'는 자기보다 10cm가 작은 '은혁'을 짝사랑하게 된다. 큰 키가 콤플렉스인 '연우'는 어느날, 유명 패션디자이너가 된 '은혁'으로부터 모델제의를 받게 되는데...",탑툰
143,143,마지막 세계의 사랑,YY&Daoshang,#회귀#환생#배신#로맨스#드라마#판타지#토#일,"사랑하는 사람에게 배신당하고 홀로 외롭게 죽음을 맞이하게 된 '혜주', 어떻게 된 걸까? 다시 세상이 멸망하기 3일 전으로 환생하게 되었다. 이번 생은 절대 용서하지 않아! 통쾌한 복수를 다짐한 '혜주'는 비밀을 알고 있는 '승우'와 마주하게 된다!",탑툰
144,144,멸수라전,TACENGSHISHAONIAN&BEN T,#요괴#천하#드라마#액션#무협#토,태자가 아비를 죽이고 황위를 찬탈하여 온 나라가 대혼란에 빠졌다. 보잘 것 없는 거지 출신 '서한'. 세상을 구하기 위해 살수 집단 삼라전을 배신하고 요괴와 악인을 도륙해나간다. 우정과 로맨스가 꽃피는 짜릿한 천하 뒤집기 한판극!,탑툰
145,145,냉혹 황자 육아일기,DUHAN&YANGTUOSHANGAN,#시대물#판타지#육아물#황자#순정#로맨스#드라마#토,"전장의 저승사자라 불리는 연나라 칠황자 '안희'는 제나라를 멸하고 공주 두 명을 잡아 부황에게 바치려 한다. ""언니들을 풀어줘!!"" 안희는 제나라 꼬마 공주 '도소미'를 발견하고 황궁으로 데려간다. 덤으로 데려온 꼬마 공주와 냉혹 황자의 좌충우돌 육아 일기가 지금 시작된다...!",탑툰
146,146,날 차버린 소꿉친구와 전 여친이 같은 반이라 곤란하다,비어있음&몰루,#하렘#아카데미#소꿉친구#꽁냥꽁냥#노벨피아원작#로맨스#드라마#판타지#액션#일,"""미안해...좋아하는 것과...사랑하는 건 다른 것 같아"" 재능 없고 모두에게 부정당하던 낙제생인 내가...키 크고 우월한 존잘남으로 다시 태어난다면? 1년에 최고의 재능을 가진 15명 만을 선발하는 '황립 프론티어 아카데미' 입학식에서...그녀들을 다시 만났다.",탑툰
147,147,멋진 신세계,고손작&윤곤지,#로맨스#드라마#일,"우리나라 최대 기업에 다니고 있는 호승은 회사에서 인정은 커녕 억울한 누명까지 씌워져 죄인마냥 움츠리고 다닌다. 그러던 어느날 갑작스러운 통보로 인사발령을 받게 되고, 따지듯 찾아간 팀장님은 호승에게 유혹적이게 몸을 맡기는 것으로 대답을 대신하는데...",탑툰
148,148,Retry: 다시 한번 최강 신선으로,"대행도동만, 십리검신",#회귀#무협#액션#무협#일,"수선계에서 북현선존이라는 별호로 불리며, 신선이 되기 위한 수련을 하고 있던 진범은 마지막 단계에서 심마를 이기지 못하고 실패하여 죽음을 맞이한다. 그런데, 눈을 뜬 그가 있는 곳은 그가 수선계로 오기 전에 있었던 현대의 지구! 심지어 스무 살 때의 과거의 자신의 몸에서 정신을 차린 진범은 회귀한 것을 깨닫고 자신이 알고 있는 어두운 미래를 전부 바꾸겠다고 다짐한다.",탑툰
149,149,열 명의 신제들이 모두 내 제자,iCituan,#천재#무림#무협#일,"수만 년간 청운 대륙의 무수한 절정 고수를 길러냈지만 정작 본인은 알 수 없는 봉인으로 진기경 이상의 공력을 발휘하지 모했던 공현우. 뇌겁으로 봉인을 깨려다 육신이 재로 변했고, 그 틈에 빠져나온 혼백은 700년이 지나 동명인 후손의 몸으로 환생했다. ""이번엔 그 망할 봉인이 없잖아!"" 몰락한 가문을 일으켜 설욕하고 최고 경지에 오르려고 했건만 제자의 후손들이 시도 때도 없이 수련을 방해한다! 심지어 제자의 석상 앞에 고개를 조아리라니? 이리된 이상 제자를 불러 직접 확인시켜주는 수밖에! ""제, 제자... 소요... 사존을 뵙습니다!"" ""뭐... 뭐!? 사존!?""",탑툰
150,150,천검지존,소명태극,#성장#소년물#먼치킨#액션#무협#일,"도(刀)는 추앙받고 검(劍)은 멸시받는 시대. 무혼 중 가장 서열이 높은 도혼을 각성하면 가문의 자랑이자 다른 이들의 부러움도 한눈에 살 수 있었다. 그리고 도혼 9성으로 각성할 기회를 얻은 '초현'. 모두 그가 도혼으로 각성할 것이라 믿어 의심치 않았다. 하지만... 어렸을 때 수련하다 우연히 만난 '천도서'가 말하길, 검혼을 각성해 천도본원결을 깨우치면 최강자가 될 수 있다고 한다. 어려서부터 유달리 힘에 대한 열망이 강했던 '초현'은 도혼을 포기하고 결국 검혼 10성으로 각성하게 된다. 남들과 달리 어려운 길을 선택한 '초현'. 과연 그는 검혼으로 최강자가 될 수 있을까?",탑툰
151,151,킬러지존,소명태극,#중원#무림#판타지#액션#무협#일,"저 명령대로만 살아온 이름조차 없는 코드네임 킬러A. 어떤 임무를 하던 도중, 적의 함정으로 미사일 폭격을 맞아 결국 죽게 된다. 그가 깨어났을 땐, '이세하'라는 어느 중원의 이씨 세가의 자식으로 환생하게 되는데 하필, 그에겐 아무런 내공이 없는 폐인이였고 원주인은 누군가의 부하들로부터 이미 목숨이 끊긴 상태였던 것. 깨어나자마자 부하들은 그를 다시 죽이려 하지만 기적적으로 무공을 펼치고 위기를 모면한 킬러A는 그 힘의 원천이 바로 임무 중에 얻은 반지라는 사실을 깨닫게 되는데…",탑툰
152,152,언성히어로 : 축구를 너무 잘함,강서베컴&배야&산천,#스포츠#축구선수#성장#현대판타지#소설원작#드라마#일,"맨유에서 10년 동안 활약한 베테랑 선수 '강산'. 감독은 구단 개편을 위해 '강산'의 무릎 부상을 이유로 방출하려고 한다. ""네가 내 말을 들으면, 2년 안에 전성기의 몸 상태로 만들어주지""",탑툰
153,153,전직고수,China Literature,#게임#프로게이머#드라마#판타지#액션#스포츠#일,국민 게임 '글로리'의 프로리그팀 '지아스'의 수장 '예치우'. 팀을 전성기로 이끌었던 그가 돌연 추방되어 갈 곳을 잃었다. 그를 대표하던 ID '일엽지추'까지 반납한 채로. 우연히 들어간 PC방에서 다시 한 번 '글로리'에 도전하는데…. '예치우'는 과연 재기에 성공할 수 있을까?,탑툰
154,154,일검독존,소명태극,#소설원작#배신#성장#드라마#액션#무협#일,엽가의 세자였던 '엽현'. 수많은 전쟁에서 공적을 쌓았지만 그에게 돌아온 건 가문의 배신이었다. 절망의 순간. 모친이 남긴 반지를 통해 '엽현'은 새로운 수련을 할 수 있는 신비로운 공간을 넘나들게 된다. 검으로 단전을 대신하는 신비로운 수련법! 이제 남은 건 가문에 대한 피의 복수와 상한병을 앓고 있는 동생 '엽령'를 지키는 것! 엽가를 뛰어넘어 강국(姜國)최고의 고수가 되기 위한 '엽현'의 여정이 시작된다.,탑툰
155,155,빌런으로 이직하다,열문&만도라&연강,#배신#빙의#시스템#액션#무협#일,"사람을 구하려다 되려 배신당해 죽게 된, 주인공. 그는 다음 생이 있다면 나쁘게 살리라 결심한다. 그렇게 죽음 후에 모든 것이 끝난 줄 알았지만, 그는 내공이 있는 세계의 '소혁'이라는 청년에게 빙의된다. 자신을 '빌런 시스템'이라고 소개하는 목소리가 그의 목숨을 살리고 능력을 부여하기 시작했다. 그는 과연 '소혁'의 몸으로 이 세계에서 시스템을 이용해 최강이 될 수 있을까?",탑툰
156,156,수선환생록: 지존의 귀환,말릉&영자&다우,#귀환#선계#지존#액션#무협#일,신기인 산하사직도를 손에 넣고자 서로 연합하여 음모를 꾸민 선제들을 상대하다가 죽음을 맞이하는 주인공. 눈을 떠보니 서씨 가문의 소가주 '서현'의 몸에 들어왔다. 인정받지 못하는 투기 하나 없는 폐물 소가주인 '서현'에게 유일하게 남겨진 여동생 '은이'. '서현'은 가족과 가문을 지키기 위해 선천 무공 수련에 집중하는데… 사라진 줄 알았던 산하사직도와 기령을 되찾고 다시 정상을 향한 한 걸음을 내딛는다.,탑툰
157,157,마왕 전용 사기 시스템,광휘&신열혈&등호균,#게임#시스템#환생#복수#판타지#액션#일,"어느 날, 세상에 갑자기 나타난 던전들로 인간은 던전 세계를 맞이한다. 인간 플레이어의 비열한 수법에 농락당해 죽은 심연급 던전 보스 '아데세르'. 결과에 승복할 수 없는 그는 나약한 쪼렙 플레이어의 몸에 환생한다. 뜻밖에 주어진 시스템으로 던전을 정복하고 던전 주인으로서 특수한 능력을 가진 채로 자신의 복수 여정을 시작하는데…",탑툰
158,158,SOS! 이건 사고야!,Kuaikan&YY,#고등학생#주술#로맨스#드라마#판타지#일,"고등학생인 '지민'은 어느날, 고대 술사의 후계자인 어머니의 주술로 깨어난 소년과 만나게 된다. 천방지축 소년과의 평범하지 않는 일상을 보내던 중, 소년은 기억을 잃고 위기에 빠지게 된다. 소년을 구하기 위해 '지민'은 어머니와 함께 소년의 고향을 찾아가는데 과연 그곳에서 소년을 살릴 방법을 찾을 수 있을까?",탑툰
159,159,내겐 조금 특별한 그녀,Kuaikan&YY,#복수#학원물#로맨스#드라마#일,"타고난 근육과는 어울리지 않는 여린 마음을 가진 '단아', 어느날 유일한 단짝이었던 '지혼'과 다시 만나게 되었다. 오해로 멀어졌던 두 사람, '단아'의 복수로 시작된 만남은 시간이 지날 수록 점점 애틋한 감정으로 변해갔고, 평범하지 않던 그녀에게도 사랑이 찾아왔다!",탑툰
160,160,출구 없는 사랑,YY&Jiman,#순정#삼각관계#심장이식#로맨스#드라마#일,"심장 이식 수술로 다시 살아났지만 자유를 잃게 된 '채원', '이수'는 이런 '채원'을 죽은 '가영' 대신 옆에 두기로 한다. '가영'의 동생인 '나은'은 이런 형부를 이해할 수 없었고, 더 이상 두 사람이 가까워지는 걸 지켜볼 수 없었던 '나은'은 두 사람 사이를 방해하기 시작한다.",탑툰
161,161,다시 돌아온 복수,YY&Jiman,#순정#복수#재벌#로맨스#드라마#일,"유학 중인 '다현'은 갑작스런 어머니의 사고소식에 급하게 귀국하게 된다. 하지만 장례식 당일, 같은 사고로 목숨을 잃을 위기에 처하게 되고, 겨우 살아남은 '다현'은 3개월 후 사고 원인을 파헤치기 위해 다시 돌아온다. 신분을 숨긴 '다현', 그녀의 복수가 시작된다!",탑툰
162,162,과로환생전기,소명태극,#월간연재#빙의#시스템#현대지식#액션#무협#일,"이 시대의 워커 홀릭으로 살아간 주인공, 결국 과로사로 세상을 떠나게 되는데... 일어났더니 무협 세계의 '임환'이라는 몸에 빙의되어 깨어난다!",탑툰
163,163,나는 악역이다,Kuaikan&QianTangTang&FangChao,#순정#로맨스#복수#환생#드라마#일,재력과 미모를 겸비한 연예계 악녀로 이름난 수빈은 어느날 사고로 정신을 잃고 쓰러진다. 그런데 깨어나보니 수빈이 아닌 하연의 몸으로? 청순하고 가련한 이미지의 여배우 하연은 1년 전 연예계 왕따사건으로 결국 목숨까지 잃게 된다. 겨우 환생했는데 1년 후 다시 죽어야 한다니! 살기 위한 수빈의 반격이 시작되는데…,탑툰
