,title
0,헬58
1,[드라마원작] 사냥개들
2,사랑니S
3,스포
4,흙탕물
5,베스트 프렌드
6,비즈니스 여친
7,1을 줄게
8,포식동물
9,신림/남/22
10,벚꽃이 흩날릴 무렵
11,스퍼맨4 : 전하지 못한 이야기
12,소극적 인간
13,잔인한 축제
14,맥시멈퓨리
15,압락사스
16,위치헌트 (Witch Hunt)
17,침범
18,토끼대왕
19,살人스타그램
20,DEY 호러채널(일반판)
21,피노키오 소녀
22,운수 오진 날
23,닥터 하운드
24,피와 살
25,스퍼맨3: 현자단의 역습
26,스퍼맨 시즌2
27,소유
28,꼬리
29,피에는 피
30,감염자
31,마스크걸
32,[드라마원작] 한번 더 해요
33,인간의 숲
34,DEY 호러채널
35,우리들은 푸르다
36,블랙수트
37,투명한 동거
38,스퍼맨 시즌1
39,심연의 하늘 시즌4
40,3인칭
41,독신으로 살겠다
42,상중하
43,적생
44,후레자식
45,천국의 신화
46,남과 여
47,레드카펫
48,좀비를 위한 나라는 없다
49,[드라마원작] 방과 후 전쟁활동
50,아빠를 찾습니다
