,title,author,genre,story
0,사랑 사이사이에 [개정판],글/그림 / 칸베 고로 / 15화 완결 / ,BL,"택배 기사 하루가 집에 가는 길에 만난 건, 다리에서 강으로 몸을 던지려는 「비싸 보이는」 한 남자. 사실 그 남자는 하루가 관계를 맺고 있는 사모님의 남편인데─?"
1,회사원 K의 비밀,글/그림 / 모락 / 61화 완결 / ,BL,"직장생활 5년 차 김대리. 그에겐 딱 한가지 남들에게 말하지 못하는 비밀이 있는데 바로 자신이 인간과 뱀파이어 사이에서 태어난 반쪽짜리 뱀파이어라는 것. 어느 날, 한 번의 실수가 그의 인생을 통째로 뒤바꾸고 마는데?!"
2,맥스 모하비 사건 파일[19세 완전판],글/그림 / 여름 숲 / 81화 완결 / ,BL,"살인자와 목격자, 그 남자들의 사정! ""너를 처음 본 순간, 진짜로 죽을지 모른다고 생각했어."" 사람을 죽여야 했던 소년과 그 장면을 숨죽여 지켜보던 소년. 그날의 사건으로 마피아 조직의 킬러로 성장한 맥스와 그의 흔적을 쫓아가는 크리스. 맥스의 대학 위장 입학으로 그 둘은 룸메이트로서 다시 만나게 된다. 조직과 자신의 정체를 알듯 말듯 선을 넘어오는 크리스가 맥스는 계속 신경 쓰이는데… 묘한 긴장감 속에 피어나는 이 느낌은?!"
3,폭풍의 그라운드 [단행본],글/그림 / 오일룡 / 11화 완결 / ,액션,"유비는 어릴 때부터 고질적인 무릎 부상이 따라다녀 선수 생명이 끝장난 불운의 축구천재였다. 그러나 공명의 도움을 받아 치료 후, 유비는 <폭풍 허리케인즈> 구단에 입단하여 재기에 도전한다."
4,비형랑 - 마지막 도깨비,글 / 한지혜 / 그림 / BONGUN / 25화 완결 / ,드라마,"트라우마를 치료하기 위해 찾아 나선 아버지. 귀신에 홀려 미쳐버린 아버지의 말 따위 전혀 신뢰할 수 없지만, 수첩 속 아버지는 비형을 이렇게 표현하고 있었다. 술, 도박, 여자에 환장하고, 사악하고 삐뚤어진 성격에 장난질을 즐기며, 무식하게 힘이 센... 도깨비라고!"
5,당신의 기억을 성형해드립니다,글/그림 / BONGUN / 38화 완료 / ,드라마,"불행한 기억이 지워지면, 우린 행복할 수 있을까? 세상 모든 불행을 안고 사는 남자 허공탁에게 나타난 그녀. '세상 그 누구도 불행해 아파하는 이 없도록' 기억술사 나상심이 '당신의 기억을 성형해 드립니다.'"
6,열컷남자,글/그림 / 부라노 / 27화 완결 / ,BL,불안증세가 있는 사촌동생이 걱정되어 개강총회까지 따라온 민혁! 곳에서 그는 호기심과 인간애(?)가 흘러 넘치는 이신준을 처음 만나게 되고… 그날은 둘에게 돌이킬 수 없는 하루가 되고 마는데..!
7,꽃피는 날까지 [BL][19세 완전판],글/그림 / MARA / 38화 완결 / ,BL,"#서양판타지#동양판타지#황자공#황자수#계약관계 태양과 빛의 나라 베슈타르 제국, 불과 순아의 나라 영화국은 오랫동안 이어진 전쟁 끝에 평화 조약을 맺어 나라의 안정을 되찾고자 했다. 그 조약에 따라 영화국의 대표 이연은 베슈타르 제국으로 떠나고, 그곳에서 칼릭스를 만나게 되는데…"
8,"좀 더 솔직해져 봐, 안아줄게 [개정판]",글/그림 / 칸자키 유즈 / 39화 완결 / ,로맨스,"""도망칠 거면 지금뿐이에요."" 짐승같은 그의 키스. 발이 미끄러져 지붕에서 떨어진 마나부를 구한 미남, 그는 마나부가 차기 여관장으로서 일하는 여관의 신입 고다이였다. 잘생기고 태도가 부드러우며 싱가폴의 전 일류 호텔맨이었던 고다이는 누가 봐도 여유롭고 멋진 남자. 그러나 그의 숨겨진 정체는, 상냥한 얼굴을 한 짐승! 이 이상은 봐줘!!"
9,눈이 마주친 순간 컬렉션 [할리퀸],글 / 샤론 켄드릭 / 그림 / 마하라 유우 / 138화 완결 / ,로맨스,<눈이 마주친 순간 컬렉션 [할리퀸]> 작품 구성 1. 디 시오네의 티아라 2. 환상의 로마 3. 밀당은 눈동자에서 4. 사랑은 서곡에서 시작되고 5. 영애를 산 대부호 6. 그 후로 오랫동안 7. 사랑의 사자는 갑자기 8. 태양 아래 눈동자 9. 숲 속의 영웅(벅혼 브라더스 1) 10. 초원의 기사(벅혼 브라더스 2) 11. 도시의 마녀(벅혼 브라더스 3) 12. 호수의 요정(벅혼 브라더스 4) 13. 유혹당한 신부(매혹의 형제 Ⅰ) 14. 잠시 동안의 신부(매혹의 형제 Ⅱ) 15. 낯선 파티의 연인 16. 아름다운 공작의 사랑의 시 17. 고지식한 남자와의 정사 18. 지중해의 세레나데 19. 비취 왕과 유리 공주 20. 테르한의 불꽃 21. 그의 비밀 22. 선택받은 신데렐라
10,호접몽 천야월 [단행본],글/그림 / 황재 / 19화 완결 / ,무협,꽃이 지고 피기를 거듭하여 덧없이 세월 흐르더니... 이부자리 적신 눈물 하염도 모자랄세... 청산녹엽 별고 함이 그나마 다행일세-
11,미씽,글 / 임정희 / 그림 / 그린비 / 40화 완결 / ,드라마,"비가 내리는 날이면 젊은 여자들이 사라진다... 인터넷에 떠도는 괴담으로 불안에 떠는 도시. 하지만 언론에서는 실종 사건을 단순한 가출로 단정 지어 버린다. 귀신이 보인다는 걸 빼면 평범한 하루를 보내고 있던 쌍둥이 자매 원이와 영이. 그들에게도 살인마의 마수가 덮쳐오는데... 비가 오는 날 무너진 가족의 일상. 딸을 잃어버린 또 다른 아버지와 반복되는 사건에 의문을 품은 형사. 살인을 돕는 일에 죄책감을 가진 청소부, 아버지의 복수를 계획하는 아들까지... 각자의 이야기는 모든 것의 시작이었던 J 그룹 저택에서 끝을 맺게 된다."
12,천 개의 달이 뜨면,글/그림 / 박희정 / 90화 완결 / ,로맨스,"전생은 과연 현재 삶에 어떤 의미가 있을까? 아무 상관이 없는 것일까. 아니, 어쩌면 운명처럼 전생의 관계들은 반복되는 것이 아닐까. 전생의 업보로 환생할 때마다 마을 사람들에게 죽임 당하는 운명의 소녀 녹영, 녹영이 환생할 때마다 마을 사람들은 본능적으로 그녀 주변으로 모여든다. 그리고 그들이 겪었던 전생의 사건들은 마치 저주처럼 그 옛날 그대로 반복된다. 녹영의 주변에는 그녀를 언제 죽이려 들지 모르는 이들이 있고, 그녀를 좋아하는 이와 그녀가 좋아하는 이 또한 있었다. 길고 긴 환생의 고리 끝, 이제는 마지막 생. 녹영의 이번 생은 다를 수 있을까. 비극 뿐이던 전생에서 벗어날 수 있을까. 전생은 과연 현재 삶에 어떤 의미가 있는 것일까? 운명 속에 놓인 녹영의 마지막 선택이 시작된다."
13,야설록 흑야차 컬렉션,글/그림 / 야설록 / 256화 완결 / ,무협,<야설록 흑야차 컬렉션> 작품구성 1. 흑야차 [개정판] 2. 무림출사표 [개정판] 3. 불사자 [개정판] 4. 야차 [개정판]
14,나의 아빠와 아빠의 이야기,글/그림 / 로지 / 6화 완결 /,BL,"혈연은 없지만 우리는 진짜 아빠잖아. 동성혼이 인정되면서 대학 시절부터 연인이었던 나오와 아이는 혼인신고를 하고 양자결연을 통해 사랑하는 아들 히로(0살)를 얻었다. 섬세하고 눈물이 많은 나오와 자유로운 영혼인 아이. 정반대인 두 사람의 통잠 재우기, 어린이집 데뷔, 학부모 인간관계 등 육아의 단맛 쓴맛이 이 한 권에―!"
15,환상의 에덴 [웹툰판/개정판],글/그림 / 후지토비 / 22화 완결 / ,BL,어떠한 이유로 방랑하고 있는 사형 잇테츠를 데리러 온 승려 야마토. 너무나도 불량한 잇테츠의 태도에 휘둘리며 야마토는 짜증만 치솟는다. 그러나 함께 여행하는 동안 잇테츠 나름의 다정함과 배려를 겪으며 점점 그에게 마음이 쏠리고··· 어느 덧 짝사랑으로 발전하는데?! 불량 X 성실이라는 정반대인 두 사람이 펼치는 두근두근 짝사랑 러브스토리! 대인기 시리즈 「담색의 나날」 특별 단편도 수록♥
16,연하 문제아에게 반했습니다,글 / 네코 / 그림 / 모이라 / 56화 완결 / ,로맨스,"한국에서 가장 좋기로 소문이 자자한 명문 사립 고등학교, 100년이 넘는 오랜 역사에 교육 환경뿐만 아니라 이곳에 다니는 학생 모두가 엄청난… 재벌집 자제들이다. 덕분에 전부 자기 잘난 맛에 사는 말 안 듣고 싸가지없는 학생들뿐… 어느 날, 연성신(여주)은 난이도 헬의 이 학교에서 모두가 꺼려 하는 학생 주임을 맡게 되는데… 더 재수가 없는 건 자신과 이름이 한 글자만 다른 연성진 학생을 관리하면서부터 일이 꼬이기 시작한다. ‘연 성생님, 그거 알아요? 성진이 그 학생 소문이 어느 정도냐면요... 싸움질에 무단결석은 기본이고, 심지어 여중생이랑 동거 중이래요!’"
17,급한 대로 동거하지 않을래요? ,글/그림 / 나카무라 유키치 / 41화 완결 / ,로맨스,"28세 솔로, 사와다 하루카. 친구들의 결혼 러시에 마음이 복잡해지는 서른 직전…. 완전히 사랑의 절벽 끝! '다음에 사귀는 남자친구는 결혼할 사람' 이라고 생각했는데 엉뚱한 계기로 회사의 연하남과 생각지도 못한 동거 스타트!"
18,넌 내가 접수한다 2부,글/그림 / 권열희 / 56화 완결 / ,로맨스,"전직 일진짱, 해결사로 전업 후 맹활약 중. 모든 사건 사고는 나에게 접수하시라."
19,하늘색 레몬과 길 잃은 고양이,글/그림 / 사토나카 미카 / 73화 완결 / ,로맨스,"히로시마에 위치한 항구도시 오노미치에서 첫사랑과의 재회를 기다리며 고등학교 생활을 하는 나기사. 어느 날, '감독을 때려 연예계에서 퇴출됐다'는 소문의 배우, 야마토가 고양이처럼 훌쩍 동네에 나타난다. 집도 가까운데다 반도 같은 반. 왠지 신경 쓰이는 그와 자꾸 얽히게 되는데….오노미치 청춘 러브 스토리, 개막! SORAIRO LEMON"
20,울보 남자는 침대 위에선 짐승 [개정판],글/그림 / 무코 / 30화 완결 / ,로맨스,"귀여운 울보 남자는 육식계 짐승으로 돌변?! 짓궂은 웃음으로 마음도 녹아버릴 것 같아.... 나나는 엄격한 가정에서 자란 세상 물정 모르는 아가씨. 어느 날 새로운 만남을 위해 이자카야 아르바이트를 시작하는데, 가벼워 보이는 대학생 아카네가 한눈에 반해 갑자기 사귀어 달라고 고백한다?! 차자마자 울기 시작하는 그가 처음에는 당혹스럽기도 했지만 솔직하고 올곧은 일면을 알면 알수록 그를 바라는 마음은 커져만 가고.... 평소에는 귀여운데 분위기가 달아오르면 달콤한 말로 대담해지는 그. 더는 참을 수 없어!!!"
21,유성이 내리는 거리,글/그림 / 정민아 / 50화 완결 / ,BL,"두 남자와 구미호의 시공간을 뛰어넘는 짜릿한 판타지! 재벌 3세 성우는 할아버지가 가보로 남기신 보석함을 호기심에 열었다가 그 속에 갇혀있던 구미호 비(斐)를 깨우게 된다. 구슬에서 사람이 나타난 것도 황당한데, 조선 시대에서 왔다고?! 죽일 듯이 달려드는 비(斐)를 어렵게 진정시킨 성우는 사촌 유성에게 도움을 청한다. 부유한 태생 덕에 평소 욕심부려본 적 없는 유성이었지만 비(斐)를 만난 후 처음으로 강한 소유욕을 느끼게 되고, 난감해하는 성우 대신 비(斐)를 집으로 데리고 간다. 능글공X미인수X도련님공의 지독한 삼각관계가 지금 시작된다."
22,나 냄새나?,글 / jsr / 그림 / 완숙바나나 / 30화 완결 / ,BL,저주로 정체불명의 냄새가 나는 지호재와 십년짜리 해바라기 한건우. 이상한 교수의 등장으로 새삼스레 건우를 의식하게 된 호재는 급기야 야한 꿈을 꾸고 마는데…
23,야광충 [단행본],글/그림 / 박원빈 / 14화 완결 / ,드라마,죽음보다 더한 고독이 새벽 안개처럼 피어오르고 음모와 배신이 어둠으로 내려 앉을때 피 튀는 살인이 진행되고... 너를 위해 두 주먹을 움켜 쥐었다. 사랑을 위해... 복수를 위해…
24,무림가의 상속녀 [개정판][올컬러],글 / 한은성 / 그림 / 권열희 / 원작 / 한은성 / 23화 완결 /,로맨스,"태주에게 유경은 용서할 수 없는 이유밖에 없는 여자였다. 감히, 입양아 주제에 그의 재산을 상속받고 감히, 그의 욕망에 불을 당기고 감히, 그의 심장에 통증을 심는 유경을 어떻게 용서할 수 있단 말인가, “1년 동안 내 정부로 살아.”"
25,미치도록 사랑스러워,글/그림 / 권열희 / 25화 완결 / ,로맨스,"발육부진아와 살인미수범, 빌딩 옥상에서 만나다! 뭐~?! 쭉쭉빵빵한(?) 나보고 ‘발육부진아’라고? 나이 많은 아저씨라서 예의 좀 갖춰주려고 했더니, 이거 안 되겠는걸? 어디 발육부진아한테 톡톡히 당해보시지! ...응? 근데 의외로 인간적인 면도 있잖아? 감히(?) 나에게 겁도 없이 말대꾸를 해대는 스물 셋의 당돌한 꼬맹이. 내가 얼마나 무서운 사람인지 보여주지! ....요즘 자꾸만 그 아이의 얼굴이 떠오르는 이유는 뭘까?"
26,보고싶고 품고싶고 [개정판],글 / 민은아 / 그림 / 권열희 / 원작 / 중전 / 74화 완결 /,로맨스,꽃을 찾아든 나비처럼 꽃의 아름다움에 취해 잠시 시선을 멈추었다 줄기를 잡은 뒤 손에 힘을 주어 꽃 한 송이를 꺾었다. 입술만 닿았을 뿐인데도 온몸에 신열이 나는 것처럼 뜨거웠다. 뜨거운 피를 쉴 새 없이 뿜어낸다. 그렇지 않고서야 이렇게 뜨거울 수가 없다.
27,차가운 온실,글/그림 / 지상 / 110화 완결 / ,BL,"[날 사로잡아 봐. 창부처럼 몸을 부비든, 달콤한 말로 유혹하든...] ""난 네가 발버둥칠수록 흥분되거든? 계속 원한다면 기꺼이 응해줄 수 있어."" 사랑하는 이의 복수를 꿈꾸는 세진. 세진에게 접근하는 남자는 원수의 최측근인 규련.  두 남자의 치명적인 사랑 게임이 시작된다. ""날 사로잡아 봐. 창부처럼 몸을 부비든, 달콤한 말로 유혹하든... 성공하면, 네 소원을 들어주지."""
28,내가 안는 건 너뿐이야 [개정판],글/그림 / 후세야 니와카 / 18화 완결 / ,로맨스,"""'저 같은 사람'? 내가 얼마나 참고 있는지도 모르면서."" 곧잘 긴장하는 성격 때문에 좀처럼 취직하지 못 하고 있는 미노루. 소개받은 로펌에 면접을 보러 갔는데, 인사를 하자마자 채용이 결정되었다?! 소장인 죠가사키 선생님은 멋있고 일도 잘하고 멋진 여성 지인도 셀 수 없이 많은 사람. 그런 그에게 저녁 식사를 권유받아 긴장한 탓에 그만 너무 취해서 죠가사키의 집에서 쉬게 된다. 그가 미노루를 위해 자리를 피하려고 하자 가지 말라고 붙잡았을 뿐인데… 더는 참을 수 없어진 죠가사키는 부드러운 키스를 해온다."
29,연하남은 웃는 얼굴로 나를 속인다 [개정판],글/그림 / 무라카미 미치코 / 45화 완결 / ,로맨스,"""좋아합니다. 저랑 사귀어주세요."" 갑작스러운 부하 직원의 직설적인 고백에 30살 미오는…. 식품 메이커에서 일하는 미오는 미인이지만 연애를 피하고 있는 중. 그런데 독신을 결심한 30살의 생일, 5살 연하에 일도 잘하고 자연 미남인 히가에게 축하받고 고백까지 받았다! 그의 진지한 눈동자에 망설이면서도 끌리는 미오. 게다가 어떠한 사건으로 인해 동거를 시작하게 되는 두 사람. ""미오 씨의 솔직한 모습 10개를 찾아내면 안아도 될까요?"" 라니…. 하지만 이 연애에는 비밀이 있는데?!"
30,스위치,글 / 지뚱 / 그림 / 김동찬 / 106화 완결 / ,액션,5명의 일진들에게 괴롭힘을 당하던 최백호는 폭력에 굴복해 비굴한 웃음을 지으며 힘겨운 중학 시절을 보내고 있었다. 어느날 일진들의 폭력에 죽음의 공포를 느끼게 된 최백호는 눈앞이 흐려지고 기억이 사라지는 '스위치 온' 상태가 되어 5명의 일진들을 모두 쓰러뜨리게 되고... 그날부터 일진들의 셔틀이었던 최백호는 몰려다니는 놈들만 보면 혼자 달려들어 무자비하게 패 버리는 일진들의 저승사자가 되고 일진들에게 공포의 대상이 된다. 절대강자 도창수가 나타나기 전까지는...
31,이대로 멈출 순 없다,글 / 자룡 / 그림 / 골왕 / 145화 완결 / ,드라마,"사상 최악의 막장 쓰레기 문제아 학교, 정문여상에서 살아남기! 자타공인 날라리 소연은 폭력 사건 주동자로 지목되어 똥통 학교인 정문여상에 전학을 가게 된다. 친어머니 집에 얹혀살게 된 소연은 자신을 둘러싼 모든 부당한 대우에 분노한다. 설상가상으로 전학 첫 날, 왕따 폭행으로 전학 왔다는 ‘오해’가 퍼지고, 상상도 못 할 만큼 저질인 양아치들과 보이지 않는 암묵적인 규칙이 소연을 압박해온다. 민주와 엮여 엉겁결에 오합지졸 배구부까지 가입하게 되어 자연스레 온갖 사건에 휘말리지만... 소연의 ‘오해’에 대해 쉽게 판단하지도 않고 정면으로 부딪치는 친구들과 함께하며 점점 녹아들기 시작한다!"
32,그 남자가 대신 시집간 사정,글/그림 / 백리군혜 / 131화 완결 / ,BL,"진북왕 군현효는 심지부 딸이 미인이라는 소문을 듣고 첩으로 들이라 명한다. 진북왕의 잔인한 소문을 두려워한 심지부는 벙어리 노비 심옥을 여장시켜 대신 시집을 보낸다. 절세미인인 심옥에게 진북왕이 빠져들어 집착하자, 이를 질투한 왕비는 다양한 계략으로 심옥을 이간질하며 괴롭힌다. 자신을 ‘벙어리’가 아닌 ‘심옥’으로 대해 주는 진북왕을 사랑하게 된 심옥은 비밀을 들키지 않기 위해 왕비의 명을 따르게 된다. 결국 진북왕과 심옥 사이는 점차 갈라서게 되는데……!"
33,창백한 말,글/그림 / 추혜연 / 312화 완결 / ,로판,"1835년 프랑스, 마녀로 불리던 소녀의 핏빛 운명"
34,위험한 본능의 속삭임 컬렉션 [할리퀸],글 / 미셀 레이드 / 캐스린 테일러 / 그림 / 우치다 카즈나 / 타카기 카나 / 204화 완결 / ,로맨스,"내 안에 숨어 있던, 또 다른 나. 위험한 본능의 속삭임 컬렉션 [할리퀸] **작품 구성** 1. 빼앗긴 아내 [개정판] 2. 집시 애인 [개정판] 3. 다이아몬드 하트 [개정판] 4. 정열의 계보 5. 악녀의 진실 [개정판] 6. 잊혀진 약혼자 7. 블랙 벨벳 [개정판] 8. 당신의 상처까지 사랑해 9. 소리 없이 다가오는 악몽 10. 하룻밤의 파문 [개정판] 11. 내가 꿈꾸는 사랑은 12. 완벽한 파트너 -달콤한 엇갈림- 13. 시간의 과실이 익을 때까지 14. 정열의 시간 15. 슬픈 인연 16. 거짓된 얼굴 17. 사랑이라는 이름의 복수 18. 밤바람의 밀회 19. 이별의 날까지 사랑해줘 20. 당신의 키스로 잊고 싶어 [개정판] 21. 포도색 추억 22. 매혹적인 음모 23. 밀려드는 파도처럼 24. 고독한 상속자 25. 과거에서 온 여행자 26. 몇 번의 계절을 지나 1 27. 몇 번의 계절을 지나 2 28. 블라인드 게임 29. 비에 젖은 천사 30. 여신이 속삭이는 밤 31. 사랑을 시험받는 성 32. 여왕이 맺어준 사랑 33. 프린세스의 향기 34. 거침없는 사랑"
35,오리의 왕자님 [웹툰판/개정판],글/그림 / 카자오 / 36화 완결 / ,BL,"다나카 료스케의 인생 전성기는 초등학교 시절. 어른에게는 귀여움을 받고 반에서는 중심이 되던 빛나는 나날이었지만, 그 후 계속 추락해서 현재는 밑바닥을 전전하는 회사원. 그러던 어느 날, 초등학교 시절에는 변변찮았지만 꽃미남 엘리트로 성장한 오오츠키 유즈루와 재회한다. 자신을 반기는 유즈루에게 열등감을 느껴 괴로워하던 료스케. 그런 료스케를 '초등학교 때부터 좋아했다' 라며 유즈루는 고백&키스를 하는데...?!"
36,벚나무 밑에는 그의 사랑이 묻혀 있다 [개정판],글/그림 / 모모카 사피어 / 16화 완결 / ,로맨스,"""누구에게도 주지 않을 거예요, 선생님."" 고신장, 고학력, 고소득. 예로부터 3고를 모두 갖춘 남자와 결혼하기로 굳게 결심한 유우코. 꿈을 향해 매일매일 노력해 왔지만, 30세가 되던 해에 갑자기 남자친구에게 차여버린다. 실연의 충격으로 홧김에 술을 마신 그녀는 벚나무 아래에서 어느 남자를 만나게 되는데…. 일, 연애, 결혼에 지친 당신을 부드럽게 치유해 주는 연하남의 매력을 전해드립니다♡"
37,"아저씨, 내 기분 왜 이래요?",글 / 윤해리 / 그림 / 변합이 / 원작 / Livingston / 82화 완결 / ,로맨스,"꼬였다! 잘나가는 변호사이자 공사 구분 철저한 진도하가 가사도우미 대타를 뛰면서부터. ""나 아저씨 좋아해도 돼요?"" 가족도, 친구도, 애인도 아닌 진도하 앞에서만 해맑게 풀어지는 이 VIP 고객님 때문에. 이 여자 남들에겐 목석이라 불린다는데, 도하에게는 도대체 왜 이럴까?"
38,구원,글/그림 / Axis / 101화 완결 / ,액션,"인류사회의 문제 해결을 위해 만들어진 복제인간 카피! 그들은 빠른 속도로 사회에 퍼져 인간들과 조화를 이루었지만 어느 순간부터 인간들의 공격과 미움을 받기 시작했다. 한편, 삶을 살아가는 이유와 목적을 잃어버린 암살자 동언은 어느 날 생사의 기로에서 카피인 미나를 만난다. 삶에 대한 의지를 찾고, 그녀에 대한 사랑으로 다시 일어서게 된다. 동언이 속해 있던 암살조직, 카피를 타겟으로 폭발하는 사회, 그리고 암흑 속에서 이를 조장하는 지배세력과 이에 맞서는 레지스탕스 세력이 얽혀 벌어지는 치열한 사투! 그 속에서 동언과 미나는 서로밖에 의지할 수 없는 존재로서 사랑에 빠지고 점점 더 거대한 위험을 마주하게 되는데… 동언과 미나, 서로의 존재는 구원이 될 것인가. 그리고 인간들에게 진정한 구원이란 무엇인가."
39,나는 선배에게 안기고 싶어 [개정판],글/그림 / 사이테 케이 / 40화 완결 / ,로맨스,"잊을 수 없어 언제나 꿈에서만 그리던 그 남자, 눈 앞에 나타나면 나도 모르게 상상해버렷♡ 헤어진 지 6년이 지나도록 에노키다 선배의 꿈을 꾸고 있는 히토미. 현실에서는 다시 연락해 볼 용기가 나지 않아 망설이던 그녀 앞에 어느날 홀연히 에노키다 선배가 나타나게 된다!?"
40,나는 천재를 기르고 있다,글/그림 / 나나오 미오 / 56화 완결 / ,로맨스,"""그렇게 고민하지 마, 나의 귀여운 주인님."" 초대형 유명 IT기업의 사장 따님인 이치노세 코노카와 꽃미남 천재 이과남이자 코노카의 소꿉친구인 카이리. 처음에는 작았던 코노카네 아빠의 회사는 카이리가 만든 프로그램 덕분에 일본 유수의 대기업으로 성장한다. 그러나, 자신의 재능을 제공하는 대신 카이리는 세 가지 조건을 내걸고 계약을 맺는데…. 조건1, 반드시 코노카가 카이리에게 (귀엽게) 부탁하며 조를 것. 조건2, 카이리의 재능은 코노카네 아빠와 코노카 외의 사람에게는 비밀로 할 것. 조건3, 보수로 코노카는 카이리가 하는 말을 뭐든 하나 들어줄 것. 세상물정 모르는 순진한 아가씨에게 천재가 놓은 사랑의 함정은 과연…?"
41,로맨티컬 비하인드 [BL],글/그림 / 블구리 / 77화 완결 / ,BL,"#연예계물#아이돌물#다정공#대형견공#리더수#까칠수 짐승돌로 인기 급부상인 얼굴천재, 몸천재 아이돌〈포이즈온〉! 까칠해보이지만 매번 리더몰이 당하는 시현에게는 시현 바라기, 화난 몸 성은과 함께 그 누구에게도 말할 수 없는 비밀이 있다. ＂성은아...우리 이래도 되는 걸까?＂"
42,"[BLovers] 호랑이 빙의 회장, 대전 요청합니다.",글/그림 / 유쿠라 아키 / 12화 완결 / ,BL,엄청난 싸움 바보 사루타 코스케는 학생회장 후지시로 센쥬의 숨겨진 강함을 눈치채고 일대일 승부를 청한다. 강함의 비밀― 사실 센쥬는 저주받은 ‘호랑이 빙의’ 체질이었다!! 코스케는 센쥬의 강함에 반해서 ‘싸움 계약’을 맺는데―?! 미남이 야수?! 양아치 BOY와 사연 있는 학생회장의 수상한 DAYS 개막♥
43,검지천 도지황 [단행본],글/그림 / 황재 / 27화 완결 / ,무협,한 척의 조각배를 호해에 띄우고 고위 고관 따위는 정중히 사절하리라. 마음 내키는 대로 술을 즐기리니 세상 명예나 평탄 따위는 탓하지 않으리라. 분주하게 들떠있는 스무 해 동안 학문도 무인의 길도 이루지 못했다. 산수가 아름다운 오월에나 가볼까 서울의 번거로움이 진절머리가 나누나.
44,하승남 통제불능 컬렉션,글/그림 / 하승남 / 168화 완결 / ,무협,<하승남 통제불능 컬렉션> 작품구성 1. 골통천하무쌍(원제:골통깡치) [개정판] 2. 막장순검 [개정판] 3. 통제불능 [개정판]
45,토요일은 새우튀김 [19세 완전판],글/그림 / 인톨 / 원작 / 봄봄치 / 61화 완결 / ,BL,"태권도 사범(특이사항:금사빠)인 구원과, 그의 친구이자 매일의 식사를 책임지고 있는 작은 식당의 사장 토람. 매번 구원의 실연을 위로해주고, 배고플 때 밥 먹여주고, 술 취했을 때 뒤치다꺼리까지 해주는 우렁각시(?) 토람과 3년 동안 미묘한 관계를 이어오던 구원은, 어느 날 토람이 꼭꼭 숨기고 있던 크나큰 비밀을 알게 되어 버리는데...! 츤데레 미남 토람과, 쾌활하고 능청스러운 구원의 바삭바삭한 보은 로맨스!"
46,질풍의 불청객 [단행본],글/그림 / 고행석 / 16화 완결 / ,액션,올림픽 육상 100m 결승전에서 박은하와 마틴 제인의 치열한 각축전이 벌어졌다. 마지막 스퍼트로 앞서나가던 박은하는 결승선을 앞두고 쓰러지고 마는데…
47,야설록 방랑무사 컬렉션,글/그림 / 야설록 / 194화 완결 / ,무협,<야설록 방랑무사 컬렉션> 작품구성 1. 무정도 [개정판] 2. 소림사 향객 살인사건 [개정판] 3. 절대검호 [개정판]
48,"Oh, Boy! (오, 보이!) [개정판]",글/그림 / 김윤이 / 32화 완결 / ,BL,중국요리 집을 하는 아버지를 도와 배달을 하는 지무의 꿈은 아르바이트비를 모아 자신의 오토바이를 사는 것이다. 그러던 어느 날 친구들과 스쿠터를 타고 밤거리를 달리던 중 폭주족을 만나 시비가 붙어 친구 덕배가 넘어진다. 화가 난 지무는 그 패거리 중에서 낙오된 한 명을 붙잡는데…. 혈기왕성한 지무와 친구들이 펼쳐가는 청춘 만화!
49,빨리 하고 싶은 두 사람,글/그림 / 쿠사카 아키 / 109화 완결 / ,로맨스,"날라리 여자 주인공 유리가 사귀게 된 사람은 조부, 부친 모두가 내각총리대신을 지낸 초엘리트 가문의 남자, 카츠라기 케이이치로. 게다가 카츠라기 가(家)에는, 남자는 18세가 될 때까지 여자와 일정 성적인 접촉을 해서는 안 된다는 「관례」가 있는데 과연 두 사람은 빨리 할 수 있을까"
50,마등귀화 [단행본],글/그림 / 천제황 / 11화 완결 / ,무협,미인 증발 괴사!! 불과 몇 달 사이에 강호의 각처에서 미(美)와 무(武)의 영명(英名)을 날리던 숱한 미녀들이 실종되었다 원인도 없고 흔적도 없는 문자 그대로의 증발이었다!!!
51,어둠의 소년,글 / 나가사키 타카시 / 그림 / 잇시키 마코토 / 17화 완결 / ,드라마,"평소처럼 동네 숲을 탐험하고 있던 소년 히카루와 그의 친구들. 그런데 오늘은 숲의 상태가 뭔가 좀 다르다. 무언가에 이끌리듯이, 숲속 깊은 곳에 있는 저택에 도착한 히카루 일행. 그곳에서 일어난 어떤 '해후'를 계기로 일상이 달라지기 시작하는데…?!"
52,도시의 사냥개 [단행본],글/그림 / 조명운 / 10화 완결 / ,액션,주먹으로 말하는 최강 승부사!
53,미남 동료와 연인 미만 파트너 계약 [개정판],글/그림 / 쿠사노 후쿠 / 15화 완결 / ,로맨스,"오타쿠 생활을 삶의 원동력으로 삼아 스트레스를 견뎌내던 직장인 아카리. 어떠한 이유로 오타쿠라는 것을 철저하게 숨겨왔으나 어느 날, 여자 소문이 나쁜 꽃미남 직원 이츠키에게 발각되고 마는데…! 오타쿠에 대한 편견까지 갖고 있어서 계속 피해 왔던 사람에게 약점을 잡히다니…. 이럴 때는 '무슨 수를 써서라도' 비밀을 지켜달라고 하는 수밖에 없어! ""…정말 다 한다고?"" 먹잇감을 노리듯 반짝이는 그의 눈동자가 아카리를 빤히 비추고 그가 달콤하게 다가오자, 분위기가 서서히 뜨거워지기 시작하는데…."
54,뻐꾸기 새끼,글/그림 / 닭군 / 65화 완결 / ,드라마,"쌍둥이 중 하나가, 내 아이가 아닌 것 같다. 한 가정집에서 태어난 쌍둥이 자매 윤희와 국희. 작고 귀여운 아이들로 행복한 일상을 꿈꾼 것도 잠시, 갓난아기인 국희가 윤희를 밀어 떨어뜨리려 한다. 부모의 발견으로 다행히 위기를 모면했지만, 그때부터 국희는 괴이한 행동을 보인다. 윤희의 모든 것을 빼앗으려는 탐욕과 키우던 강아지를 위협하는 폭력성까지. 어느새 국희는 윤희를 죽이려 하고 있다."
55,첫사랑과의 조우 컬렉션 [할리퀸],글 / 저스틴 데이비스 / 그림 / 후유모리 유키코 / 120화 완결 / ,로맨스,<첫사랑과의 조우 컬렉션 [할리퀸]> 작품 목록 01. 밤을 달리는 아테나 02. 만남을 기다리며 03. 푸른 신호등 04. 립스틱 각인 05. 인형을 닮은 여자 06. 가려진 이름 07. 10년 전의 사랑은 지금 08. 빗나간 표적 09. 연인들의 재회 10. 프린스의 숙명 11. 시칠리안 신데렐라 12. 달밤의 속삭임 13. 사막은 마법으로 가득해 14. 플레이보이의 첫사랑 15. 신랑의 맹세 16. 에스메랄다의 첫사랑 17. 사막에서 되찾은 사랑 18. 첫사랑의 행방 19. 그대와 함께한 밤 20. 장미의 저택
56,환괴지대,글/그림 / 이토 준지 / 15화 완결 / ,판타지,만화계의 아카데미 2021년 <아이스너 상> 영혼을 뒤흔드는 이토 준지 최신 호러 단편집!! 도호쿠 지방을 여행하며 시골길을 걷던 커플은 장례식에서 큰 소리로 우는 여자를 목격한다. 그녀는 '곡녀(哭女)'라는 직업이라고 한다. 그것을 본 커플 중 여성 쪽에 이변이 일어나는데?! 호러의 귀재 이토 준지가 극한의 공포로 초대한다! <곡녀 고개>를 비롯하여 4편의 단편을 수록한 걸작 호러 단편집!
57,진격의 드래곤,글/그림 / 강촌 / 42화 완결 / ,액션,그가 돌아왔다! 한국인으로서 홍콩 제1의 기업을 일군 드래곤 가문을 지키기 위해!!
58,호접몽 [19세 완전판],글 / 채오 / 그림 / 엠마 / 50화 완결 / ,BL,"이놈이 오늘 잊지 못할 밤으로 만들어드리죠.' 출셋길이 활짝 열린 장원급제의 주인공 영의정 댁 아들 백도겸. 오랜 친구의 권유로 탐탁진 않았지만 기방에 난생처음 방문하게 되었는데…. 웃돈까지 얹어서 사람을 불렀더니 그게 남자 기생이라니? 맹랑하고 도도하기 짝이 없지만, 자꾸 생각이 나는 그의 이름 '소랑'. 다시는 만날 일이 없을 거라 생각했는데, 도겸은 소랑의 모습이 계속 눈앞에 아른거리고…. 그런 도겸의 계속되는 연심 고백에 처음엔 시큰둥했지만 서서히 도겸에게 끌리는 소랑, 그들의 연심의 행방은 어디로? 기방 '호접몽'에 방문하여 확인해 보시길!"
59,새빛남고 학생회 고문입니다 [BL][19세 완전판],그림 / EVY / 원작 / Day7 / 61화 완결 / ,BL,#현대물 #첫사랑 #연하공 #다정공 #후회공 #연상수 #미인수 #다정수 #달달물 #진지물 모교인 새빛남고에 교사로 발령 받은 이태성은 환한 웃음으로 반겨 주는 서햇빛을 만난다. 학생회 고문인 다정다감한 성격의 햇빛 쌤은 모두에게 사랑받는 사람. 태성은 학창 시절의 첫사랑을 닮은 햇빛에게 끌리지만 애써 자신의 감정을 억누른다. 하지만 거리를 두려 해도 햇빛은 웃는 얼굴로 다가오고…
60,페오스 [19세 완전판],그림 / 날치 / 원작 / Dips / 74화 완결 / ,BL,"도망 노예 ""에이다르"". 항구에 도착한 에이다르는 자신을 남부로 데려가 줄 배를 찾는다. 하지만 가진 것은 몸과 동전 몇 개뿐... 돌아갈 곳이 없는 에이다르는 ""여랑""이 되는 조건으로 한 배에 오르게 되고, 그곳에서 선장 ""클로드 웨일""을 만나게 되는데…"
61,붉은 여우 -흘레담-,글/그림 / 하마 / 24화 완결 / ,드라마,"『붉은 여우』 그 후의 이야기 영겁을 살아가는 운명을 부여받은 사나와 그를 받아줄 수 있는 유일무이한 존재 이자. ""누군가가 사무치게 그리운 순간은 갑작스럽게 찾아온다."" 『붉은 여우 -흘레담-』 시작합니다."
62,소라해나! 외전 [GL] [19세 완전판],글/그림 / 작불 / 39화 완결 / ,로맨스,"소라해나! 외전 지금까지 이런 GL은 없었다! 소라해나, 드디어 기다리고 기다리던 외전 스타트♥ 태람&이슬, 아영&재인, 소라&해나, 본편에서는 보여주지 못 한 세 가지 맛 로맨스! 아영재인? 친구도 연인도 아닌 우리는 그저 파트너. 이 관계를 뭐라고 정의해야 할까, 서로 없으면 못 살겠는 건 분명한데. 너랑 사귀는 건 정신 나간 짓이지만 네가 없으면 못살겠어. 네가 원하면 사랑한다는 말도 해줄 테니 내 옆에 있어! 성격 나쁜 두 여자의 어긋나는 로맨스!"
63,포옹만 하고 끝낼 리 없잖아 [개정판],글/그림 / 유우키 루유 / 72화 완결 / ,로맨스,"""참지 말고 가 버려."" 동기의 뜨거운 가슴에 안기자마자 스며드는 쾌감. 이젠... 가는 걸 참을 수 없어! 일벌레인 카호는 동기인 유우마와는 견원지간. 그런데 프랑스 출장을 갔다 와서 이상한 바람이 든 유우마는 ""스트레스 해소에는 30초 동안 포옹하는 게 제일이야.""라며 다짜고짜 카호를 안아 버린다! 저항해 보지만 소용없는 카호. 유우마의 가슴팍에 꼼짝없이 갇혀 버리고 마는데… 그의 따뜻한 체온에 몸도 마음도 녹아내린다!? 완전히 풀어져버린 그녀에게 ""아직 부족해""라며 덤벼드는 유우마! ""이번엔 관계로 스트레스를 풀자.""니… 농담이겠지!?"
64,마음 그리고 맑음 [개정판],글/그림 / 아이카와 후우 / 12화 완결 / ,BL,"고교 생활 마지막 해. 가쿠가 지금까지 계속 숨겨왔던 하루에 대한 짝사랑이 움직이기 시작한다. 고등학교에 들어와서 계속 친구였고 앞으로도 그 관계는 달라지지 않을 거라고 생각했다. 다른 학교 여자애들과 놀고, 수험 공부에 쫓기고, 학교 축제로 숨을 돌리고…. 「하루를 좋아해」 그 한마디로 세계가 바뀐다-. 특별한 것 없는 학교생활 속에서 언제나 옆에 있던 절친이 연인이 되기까지의 일 년."
65,일진광풍 [단행본],글/그림 / 황재 / 9화 완결 / ,무협,아이들.. 아무것도 모르는 그 아이들을 너희는 그 추악한 야심속으로 끌어 넣었다. 누구든 용서치 않겠어! 단 한번.. 단 한번만 다시 검을 잡겠다!
66,묵검향 천상천하 컬렉션,글/그림 / 묵검향 / 488화 완결 / ,무협,"(본 작품은 전연령으로 개정된 개정판으로 일부 편집되거나 수정된 부분이 존재합니다.) 수록작품 1. 천라신조 1,2부 2. 여의지존 1,2부 3. 살수 4. 절대쌍효 1,2부"
67,루갈 (RUGAL),글/그림 / 릴매 / 151화 완결 / ,액션,"모든 것이 사라져버린 그때, 그에게 특별한 눈이 생겼다! 보복으로 눈을 잃은 경찰의 이야기. OCN 드라마 <루갈>의 원작 액션웹툰."
68,길들여주마!,글/그림 / 권열희 / 35화 완결 / ,로맨스,"최고의 입시 명문학원으로 소문난 'J'학원에 주방 아줌마로 쫓겨간 윤설아. 개성만점 한 성격하는 5명의 학원생들을 상대로 원장님의 특명이 내려졌다!! 그들을 네 손으로 길들여라!! ""아흑~ 원장 쌤!! 차라리 저를 이라크로 보내주세요~!!"
69,넌 내가 접수한다 1부,글/그림 / 권열희 / 36화 완결 / ,로맨스,너 따윈 내 접수대상이 아니란 말야! 어느 날 갑자기 나타난 네가 내 여동생이라고 해도 나에게 넌 처음부터 그냥 여자였어! 네가 뭔데 왜 내 심장이 두근거려야만 하는 거지?
70,테이크 유어 타임 [웹툰판/개정판],글/그림/원작 / 타가 타이라 / 23화 완결 / ,,연하 훈남 프로그래머 타키토는 WEB 디자이너 시지마에게 갑자기‘좋아해요’라며 고백한다. 타키토의 연애 감정은 착각이라고 생각한 시지마는 착각이란 걸 알려주기 위해 ‘일단 사귀어 볼래?’라며 시험 삼아 교제할 것을 제안한다. 데이트도 하고 간호도 받는다… 시험 삼아 사귀는 거지만 타키토에게 어느새 점점 끌리게 되는데…? 훈남 무표정 남자 X 배려심 많은 연상 남자 어른들의 사랑앓이 ♡ 첫사랑 스토리.
71,황성 천하통일 컬렉션,글/그림 / 황성 / 200화 완결 / ,무협,<황성 천하통일 컬렉션> 작품구성 1. 진법서생 [개정판] 2. 성여기 [개정판] 3. 고룡은봉 [개정판]
72,경이로운 소문 시즌1+시즌2,글/그림 / 장이 / 124화 완결 / ,액션,"영원불멸의 삶을 위해 사후세계에서 지구로 도망쳐 온갖 악행을 저지르고 다니는 악한 영혼들. 그리고 그들을 쫓는 악귀 사냥꾼 ‘카운터’. 평범하던 고등학생 소문이 범상치 않은 능력을 보이며 카운터에 합류하게 되고, 다양한 능력을 쓰며 악귀를 쫓는 팀원들과 함께 국숫집 직원으로 위장하여 악한 영혼들을 추격하기 시작한다!"
73,나루토 외전-소용돌이 속 회오리 바람,글/그림 / 키시모토 마사시 / 1화 완결 / ,액션,미나토와 쿠시나의 과거. 그리고 '나선환 탄생'의 비밀이 밝혀진다! NARUTO GAIDEN -UZU NO NAKA NO TSUMUJIKAZE-
74,부서진 하트 조각 컬렉션 [할리퀸],글 / 나오미 호튼 / 그림 / 오오타 / 120화 완결 / ,로맨스,<부서진 하트 조각 컬렉션 [할리퀸]> 작품 목록 01. 프러포즈는 낙원에서 02. 이상적인 연인 03. 전설의 연인 04. 소심한 인어공주 05. 데이지의 작은 바람 06. 꽃집 스캔들 07. 마법 같은 하룻밤은 지나고 08. 시크의 계약 신부 09. 마천루에 감춰진 비밀 10. 얼음 백작과 꽃집 아가씨 11. 비밀의 작은 아가씨 12. 진정한 선물 13. 신부의 선택 -비정한 갈등- 14. 잠자는 공주가 눈을 뜬 밤 15. 연인은 프린세스 16. 복수는 달콤하게 17. 성급한 이별 18. 모래 미로 19. 내겐 너무 다정한 원수 20. 속아서 한 결혼?
75,수왕 폐하와 모래투성이 신부 [BL],글/그림 / 코이시카와 아오 / 8화 완결 / ,BL,"노예 상인 손에 죽을 뻔한 순간, 눈표범 수왕 폐하에게 구출된 ‘모래투성이’. 일족과 털색이 달라 있을 곳이 없었던 모래투성이를 왕은 ‘운명의 짝’이라 부르며, 예쁜 옷과 따뜻한 침대, 먹다 남은 게 아닌 맛있는 음식을 하사한다. 더구나 모래투성이에게 ‘코란’이라는 멋진 이름까지 지어주는 왕. 너무 기쁜 나머지 왕에게 도움이 되고 싶지만, 코란은 아직 ‘짝’이 뭔지 잘 모르는데.... 단행본 보너스 페이지 수록."
76,퀸의 반란,글 / kuriko / 그림 / Vigor Comic / 177화 완결 / ,로판,"벌써 몇 번째 세계지? 누가 날 여기로 보낸 걸까? 무엇을 위해 이래야 해? 의문만 가득 품은 채 짜인 스토리대로 움직이며 계속해서 상처받고, 배신당하고, 비참한 결말을 맞았다. 그래, 참을 만큼 참았어! 이제 당하기만 하진 않을 거야! 복수할 거라고! “파트너, 제발 역할에 충실해!” “내가 왜? 내 운명은 내가 만들어!” 돈, 명예, 사랑 모든 걸 쟁취하기 위한 조연의 반란이 시작된다!"
77,마류 [개정판],글/그림 / 묵검향 / 192화 완결 / ,무협,중원에서 가장 유명하고 가장 강한 무인을 꿈꾸는 항주 제일의 점소이 용천산. 어느 날 그에게 찾아온 행운! 중원에서 소문이 자자한 무혈검제 유귀황이 나를 제자로 거두겠대! 드디어 내 인생에 봄날이 찾아오는가! 과연 용천산의 앞날은?
78,야설록 8월 시작 컬렉션,글/그림 / 야설록 / 142화 완결 / ,무협,<야설록 8월 신작 컬렉션> 작품구성 1. 개방혈풍 [개정판] 2. 변방고수 [개정판]
79,할리퀸 8월 신작 컬렉션,글 / 제니퍼 드류 / 그림 / 아야베 미즈호 / 90화 완결 / ,로맨스,<할리퀸 8월 신작 컬렉션> 작품 목록 01. 왕자님의 가짜 신부 02. 사랑이 머무는 섬 03. 1년 동안의 천국 04. 과거에서 온 연인 05. 보스와 꾼 꿈 06. 그리스의 열정 07. 사막에서 찾아낸 최고의 사랑 08. 신랑을 구합니다! 09. 까칠한 비서 10. 사랑은 고통 끝에 11. 너무 사랑한 나머지 12. 신에게 소원을 13. 폭풍 치는 밤 모든 것이 시작된다 14. 시크와 결혼하기 15. 칠흑의 시크와 비밀의 왕궁
80,황성 8월 신작 컬렉션,글/그림 / 황성 / 262화 완결 / ,액션,"<황성 8월 신작 컬렉션> 작품구성 1. 적포용왕 [개정판]  2. 강호, 미치다 [개정판]"
81,표기무사,글 / 지현탁 / 그림 / 지운 / 원작 / 초우 / 50화 완결 / ,무협,"세상에 처음부터 있던 것은 없다. 강호는 꿈을 가진 자의 것! 진명은 일평생 아무것도 모른 채 쟁자수를 우러러보며 꿈을 품고 살아온 자신의 아버지 소의금의 유지를 받들어 자신도 쟁자수가 되고자 한다. 아버지의 꿈을 세상 사람들이 우러러보게끔 만들고자 하는 진명은 “표국의 깃발을 드는 자, 표국의 최고 무사만이 할 수 있는 그런 자리가 될 것이다”라고 선언하며 평범한 쟁자수의 위치에 일대 변화를 주려 한다. 갖고 있는 건 오직 신묘한 신발과 곤봉, 그리고 야망뿐. 쟁자수라는 낮은 위치에서도 포기를 모르고, 꿈을 이루기 위해 끊임없이 수련하는 진명 강호를 떨쳐 울릴 “표기무사”가 되기까지의 대서사시"
82,"맑게, 찾아줘, 반짝이게 [웹툰판/개정판]",글/그림/원작 / 아오우메 아오 / 18화 완결 / ,BL,"고등학교 3학년인 아키라는 자리를 바꾸다가 소꿉친구인 스미카의 옆자리에 앉게 된다. 친구도 많고 활발한 아키라와 천문학을 좋아하고 조용한 스미카. 두 사람은 어릴 때부터 옆집에서 자라왔고, 성격은 정반대지만 제일 친한 친구였다. 그러나 초등학생 때 사소한 다툼이 있었고 서로 미안하다는 말 한마디를 못한 채 멀어졌다. 같은 그룹이 되어 축제 준비를 하게 되어 아키라는 어색해하지만 스미카는 예전처럼 다정하게 대하는데..."
83,아지랑이 끝에 [BL],글/그림 / 복히 / 23화 완결 / ,BL,"#일상물#학원물#쿨데레공#능력공#평범수#잔망수 평범한 고등학생인 송재영은 어느 날 자신을 보자마자 눈물을 흘리는 강이한 때문에 당황한다. 그날 이후 재영에게는 이상한 일들이 이어지고, 이한은 그런 재영을 도와주겠다며 가까이 곁에 맴도는데… 낯설지만 익숙한 너를 믿어도 될까?"
84,사협객 [단행본],글/그림 / 천제황 / 12화 완결 / ,무협,축소봉의 어릿광대였던 원공… 그는 강호 천하를 완전히 제패한 후 무황성을 세웠으며 마침내 자신의 본 이름인 원성공이 되었다. 무황성주 그는 강호에 살아있는 신이 되었다!!
85,지옥락,글/그림 / 카쿠 유지 / 127화 완결 / ,액션,"최강의 닌자로서 이름을 떨쳤지만 탈주닌자로서 붙잡히게 된 가비마루는, 참수 집행인인 ‘야마다 아사에몬 사기리’로부터 무죄 방면이 될 수 있는 조건을 제안 받는다. 그 조건은 극락정토라고 소문이 난 땅에서 ‘불로불사의 선약’을 손에 넣는 것…!! 삶과 죽음을 깨닫는 인법 낭만 활극, 개막────!! JIGOKURAKU"
86,"봄과 사랑, 그리고 너",글/그림 / 아야세 우미 / 42화 완결 / ,로맨스,"청춘이 가득! 남녀 혼합 기숙사 생활 스토리 남녀의 거리감을 몰라 연애에 트라우마가 있는 히로카. 「기숙사 내 연애 금지」라는 규칙에 이끌려, 기숙사가 있는 고등학교에 입학한다. 하지만 「연애 금지」는 말뿐! 경박해 보이는 미남 아이리가 있는데다, 연애에 흥미진진한 여자들이 잔뜩! 실망한 히로카는 우연히 아이리와 키스하고 마는데?!"
87,렌탈샵,글/그림 / 모니 / 50화 완결 / ,드라마,"[카카오페이지X케나즈 ㅋㅋㅋ웹툰 아카데미 데뷔반 1기 선정작] - 대한민국 최고의 아이돌 기획사 에이뮤직. 이곳에서 7년 째 데뷔를 못하고 있는 장수연습생 고혜리는 노력끝에 겨우 데뷔기회를 얻지만, 새로 들어온 연습생 서정하로 인해 순식간에 뺏기게 된다. 노력없이도 모든 걸 타고난 서정하로 인해 혜리의 열등감은 걷잡을 수 없이 폭발하는데.. 그러던 어느 날, 렌탈샵이란 어플로 인해 고혜리는 서정하와 몸이 바뀌게 된다. 꿈에 그리던 서정하의 인생을 살게 된 혜리! 그런데 이거.. 내가 알던 서정하의 삶이 맞아? 뭔가 잘못되었다...!"
88,순정과 격정사이 컬렉션 [할리퀸],글 / 마리온 레녹스 / 트리시 머레이 / 그림 / 후지오미 미야코 / 나루카미 유타 / 168화 완결 / ,로맨스,"때로는 다정하게, 때로는 격렬하게! 순정과 격정사이 컬렉션 [할리퀸] 1. 세 번째 해피엔드 2. 5성급 플레이보이 3. 이 결혼은 무효? 4. 잠시 동안의 사랑이라면 5. 감금된 아내 6. 지브롤터의 바람 7. 동거인은 의사선생님 8. 잘못된 하룻밤 9. 사랑을 잊은 프린스 10. 미스터리한 유혹 11. 고용된 약혼자 12. 약혼은 휘몰아치듯이 13. 왕녀님과 보디가드 14. 용서할 수 없는 진실 15. 스캔들메이커 그녀 16. 숙명적인 재회 17. 호수 위의 유혹 18. 배신의 칼날 19. 계약 연인 20. 왕자님의 사랑 21. 거짓말과 비밀과 하얀 장미 22. 보스에게 키스를 보내줘 23. 타인에서 운명으로 24. 숨겨진 후계자 25. 언제쯤 사랑이 올까요 26. 약혼반지에 대한 거짓말 27. 정열의 함정 28. 아찔한 취재"
89,불굴의 전사 [단행본],글/그림 / 오일룡 / 12화 완결 / ,액션,뉴욕 최고의 배달꾼 유비는 폭주족 보스와 싸우다 상해치사 혐의로 3년 형을 선고받고 청소년 감호소에 수감되었다. 유비의 면회를 하러 가달라는 아버지의 부탁으로 주리는 남자친구인 기무라와 함께 찾아간다. 면회에서 마주 보게 된 유비와 기무라는 주리를 두고 신경전을 벌이다 축구로 맞붙게 된다.
90,온도와 연애이 상관관계 [BL],글/그림 / 모안 / 63화 완결 / ,BL,"#지귀설화 #인외물 #캠퍼스물 #홍콩계 혼혈공 #절륜공 #미인수 #시작은 섹파 선덕여왕을 사모하다 화귀가 되어버린 청년, 지귀. 지귀의 후손으로 열에 시달리던 은총은 홍콩에서 온 교환학생, 해범과 몸이 닿을수록 열이 가라앉는다는 사실을 알게 된다. 그리고 그에게 도움을 요청하는데— ＂스킨십에 따라 발열 정도가 달라진다면, 어제보다 진도가 더 나가야 되지 않겠어요?＂ 적극적인 해범으로 인해, 은총의 일상이 흔들리기 시작한다."
91,오늘 저녁은 스키야키야,글/그림 / 타니구치 나츠코 / 6화 완결 / ,드라마,"실사 드라마, 국내 OTT 사이트에서 절찬 서비스 중! 집안일에 서툴지만 결혼하고 싶은 연애가 체질인 ‘아이코’. 집안일을 좋아하지만 사랑이 뭔지 감이 안 오는 ‘토모코’. ‘이상적인 결혼 상대를 찾을 때까지 일단 나랑 결혼하자.’ 독특한 그림체&신선한 연출이 선사하는 정반대 여성 둘의 맛있는 공동생활 시작!"
92,응답하라 첫사랑 [단행본],글/그림 / 황재 / 16화 완결 / ,드라마,"휴대폰이 존재하지 않았던 아날로그 세대여, 타임머신을 타고 1980으로 추억여행을 떠나자! 요즘 아이들과 다를 바 없었던 우리의 가슴 뛰던 청춘은 사랑에 목말라 방황했었다. 우리들의 아름다운 소녀가 그때 그곳에 있었으므로-!!"
93,건곤일척검 [단행본],글/그림 / 황재 / 8화 완결 / ,무협,"잔인하기로 따를 자가 없던 악귀 용태풍! 폭우가 쏟아지던 그날도 수없는 무사들을 베던 그는 필살검법으로 남은 자들을 모조리 쓸어 버린다. 벼랑 끝에 남은 한 사람에게 최후의 한수를 내려치려던 그 순간, 하늘에서 떨어진 벼락이 그를 심판하는 듯 했는데… "
94,마피아 게임,글/그림 / 리자은 / 72화 완결 / ,드라마,"이름, 로크리안 헤일리. 나이 스물일곱, 아이큐 164, 스탠포드대 졸업. 이탈리아 거물급 마피아인 헤일리 패밀리의 젊은 수장. 이 대단한 로크리안 헤일리의 패밀리로 경찰 잭 딜리스가 투입되었다. 사명감을 가지고 스파이 노릇을 하던 그는 우연히 로크의 연인인 '릴'을 만나고, 완벽해 보이던 로크리안이 사실 남자를 사랑하는 게이라는 것을 알게 되는데……. 비밀을 숨긴 마피아 보스와 그의 연인, 그리고 잭 딜리스. 다채로운 사정들이 얽혀있는 마피아 로맨스물, 지금 시작합니다!"
95,홍녀,글/그림 / 들개이빨 / 125화 완결 / ,드라마,"[남자를 죽이지 마세요, 재활용하세요] 숫놈으로 맛깔스런 음식을 요리하는 홍녀. 여자들에게 초능력을 전파한 홍녀네 반찬가게. 세상을 바꾸는 그녀들의 이야기 <홍녀>가 시작된다!"
96,레조넌트 블루[GL],글/그림 / 요루모 / 10화 완결 / ,로맨스,"사람의 아름다운 목소리를 좋아해서, 자신의 목소리가 싫다. 그런 콤플렉스를 품고 있는 고등학생 나기는 어느 날부터 맑게 울리는 듯한 아름다운 목소리를 가진 같은 반 미치루와 수업 중 ‘둘만의 비밀 놀이’를 하게 되는데―. 표제작 「레조넌트 블루」를 포함해, 풋풋함이 넘치는 소녀들의 관계성을 이모셔널하게 그린 아홉 이야기를 담은 작가 최초의 대망의 백합 단편집."
97,원조 불청객 [단행본],글/그림 / 고행석 / 13화 완결 / ,액션,"「피고 구영탄에게 법정 최고형인 사형을 선고합니다! 구영탄이야말로 세상에 태어나지 말아야 할 불청객 중에서도 원조 불청객이기 때문입니다.」 꿈이지만 너무 생생해. 안돼, 난 살고 싶어! 나는 불청객이 아니야!"
98,야설록 절대무제 컬렉션,글/그림 / 야설록 / 404화 완결 / ,무협,< 야설록 절대무제 컬렉션 > 작품 구성 1. 일격신창 [개정판] 2. 호위무쌍 [개정판] 3. 소림둔재 [개정판] 4. 협도 [개정판] 5. 철혈시대 [개정판] 6. 십검 [개정판] 7. 비황 [개정판]
99,별이 잠들 때 [개정판],글 / TOU / 그림 / 상혁 / 62화 완결 /,BL,"소행성 충돌 후 200년, 인류는 일어섰지만 모두가 평등한 것은 아니었다. 비항체로 차별받던 임윤은 어느날 진화인류의 정점인 이해진을 만난다. 하위 5%와 상위 0.001%가 만나며 시작되는 SF 로맨스."
100,마이 스위트 홈 [웹툰판/개정판],글/그림/원작 / 코우다 미우 / 14화 완결 / ,BL,하타히코의 선택만 남았어! 아키타에서 씩씩하게 자란 유우는 사촌 형인 하타히코를 무척 좋아했다. 도쿄에 있는 대학교에 입학하기 위해 상경한 유우는 우연히 하타히코와 운명처럼(?) 만나게 되었고 일시적이지만 상상도 못했던 「꿈꾸던 동거 생활」을 시작하게 된다. 그러나 첫사랑과의 동거 생활에 들떠 있던 유우에게 하타히코는「연하에게 관심 없다」고 웃으며 말하는데?! 조금은 짖궂은 잘생긴 회사원 X 어리광쟁이 대학생이 펼치는 하트 풀 동거 러브♡
101,모래성,글 / 율 / 그림 / 유즈야 / 원작 / 모스크뮬 / 60화 완결 / ,BL,자기만족을 위해 이용하던 상대에게 집착하게 되는 갑을역전 BL 로맨스! 남몰래 동경하던 지우의 은밀한 사생활을 목격하게 된 은성. 그 일을 계기로 두 사람은 가까워지지만 지우는 은성을 가벼운 장난의 대상으로만 볼 뿐이다. 지우의 일방적인 태도에 지쳐 은성의 마음이 변해갈 무렵… 뒤늦게 은성을 향한 자신의 마음을 깨달은 지우는 완전히 달라진 태도로 은성을 대한다. 갑자기 갑을 관계가 뒤바뀌어 버린 이들의 관계는 계속 유지될 수 있을까?!
102,오컬트 짱은 말할 수 없어,글 / 하시모토 카에 / 그림 / 혼다 하지메 / 62화 완결 / ,판타지,"이 세상은 온통 불가사의한 것들뿐! 심령, 요괴, 초과학, 도시전설, 모든 '오컬트'의 뒤에는 아무래도 '아인(亞人)'의 존재가─?! 이야기하고 싶어도 이야기할 수 없는 오컬트 짱들의 목소리가 요코와 자시코에게 닿을 때, 미지의 세계의 문이 열립니다!!"
103,나 혼자 교환일기 [단행본],글/그림 / 나가타 카비 / 2화 완결 / ,드라마,"우울증으로 고통받은 성장기, 레즈비언 업소 방문기 등 솔직한 자기 고백으로 독자들을 사로잡은 나가타 카비. 그동안 원해왔던 작가로서의 인기를 얻고, 두번째 만화의 연재까지 시작하며 힘들었던 인생에도 볕이 드는 듯하다. 그러나 엄마와 아빠가 자신의 적나라한 이야기가 담긴 만화를 본다고 생각하면 조금은 아찔한 것도 사실. 엄마, 아빠를 너무 나쁘게 묘사한 건 아닐까? 내가 ‘그런’ 곳에 다녀온 걸 가족들이 알면 어떻게 생각할까? 어엿하게 책으로 나온 자신의 작품을 당당히 보이고 싶은 마음이 들다가도 좀처럼 용기가 나지 않는다. 하지만 결국 만화를 들켜버렸고 걱정대로 내용을 본 가족들의 반응은 심상치 않은데…."
104,중고거래,글/그림 / 주명 / 50화 완결 / ,드라마,극한의 이득충 '되팔러' 이준! 중고거래 꿀매로 구매한 택배가 도착하고 기쁜 마음으로 택배 상자를 열어보지만…
105,낙원 저편의 연인들 컬렉션 [할리퀸],글 / 제니 루카스 / 낸시 워렌 / 캐롤 마리넬리 / 그림 / 사쿠라야 히비키 / 타카쿠라 토모코 / 나가사와 사토루 / 135화 완결 / ,로맨스,[낙원 저편의 연인들 컬렉션] 작품 구성 1. 사랑 없는 결혼 -금지된 단어- 2. 접근 금지! 3. 오아시스의 사랑과 사막의 법률 4. 프린스의 고백 5. 블랙 잭의 유혹 6. 왕자님과 비밀 연애 7. 사로잡힌 사랑 8. 애달픈 비밀 9. 카사노바의 본모습 10. 뒤바뀐 계약 신부 11. 로맨스는 예상할 수 없어 12. 사랑은 착각에서부터 13. 비밀과 거래 14. 사랑은 금지 15. 하룻밤 사랑의 선물 16. 팔려 간 프린세스 17. 술탄의 청혼 18. 달빛 아래서 19. 비밀스러운 동경
106,건달영웅 [단행본],글/그림 / 조명운 / 17화 완결 / ,액션,그가 돌아왔다. 건달 액션의 결정판!
107,이세계에서의 기업 진출?!,글 / 나나시 나나미 / 그림 / 우야마 하지메 / 요-시미즈 / 원작 / 나나시 나나미 / 16화 완결 / ,액션,"전 블랙 기업 사원이자 현 백수인 타나카 지로에게 도착한 한 장의 전단…. 그것은 ‘이세계 기업 MAO’의 구인 모집이었다. 신경 쓰이는 업무 내용은 마왕군의 일원이 되어 『용사가 공략하지 못할 미궁(던전)』을 만든다는 것. 후일, 반쯤은 흥미로 치른 면접에서 강대한 ‘마력 적성’이 있다는 사실이 판명되고 지로는 마왕군에 환영을 받는데…? 이단의 ‘이세계×업무×성공’ 기록, 드디어 개막!!"
108,화화원행기 [무빙툰],글/그림/원작 / 최수정 / 50화 완결 / ,로맨스,"웹툰, 애니메이션이 되다! 웹툰을 즐기는 또 하나의 방법! 애니메이션 ""화화원행기"" 이매(魑魅) 수렵사 주인공 '류가화'는 틈틈이 이매 수렵활동을 부업으로 돈을 벌어오다, 수렵사 협회의 부업금지법조항 위반에 걸려 '불가살이'에서 쫓겨나게 된다. 그러던 중 황제의 부마 후보인 '송비연'을 도성으로 호위해오는 임무를 맡게 된 중랑장 '강이소'와 우연히 마주치게 되고, 가화는 이들 원행단에 합류하게 된다. “한 달이면 끝 난다지 않았소?” 한달이면 끝나는 단순 호위 임무라 생각 했건 만, 급증한 이매의 출몰로 황궁으로 가는 길은 쉽지 않다. "
109,30% ~나의 계획 임신~[바닐라],글 / 츠크모리 엔 / 그림 / Michi / 12화 완결 / ,드라마,타이요(29세)와 츠키코(34)는 연상연하 부부. 남편인 타이요는 아직 나이가 어린 탓에 ‘아이가 생기면 좋겠네~’라는 막연한 생각만 가지고 있다. 반면 츠키코는 젊은 남편을 생각해서 이 문제를 진지하게 생각해 본 적이 없다. 하지만 34세가 된 츠키코는 ‘좋아하는 사람과 두 사람의 아이를 키우고 싶어!’라는 염원이 나날이 커져가는데. 그런 어느 날 츠키코의 동창인 노조미가 미숙아를 낳은 것을 계기로 츠키코의 마음이 흔들리는데. ‘30대 여성의 자연 분만 확률이 30%밖에 안 돼?!’ ‘35살까지 임신해야 돼!’ ‘체외수정이 이렇게 돈이 많이 드는 거야?!’ 등 아이를 낳고 싶어 하는 모든 여성에게 바치는 계획 임신 코믹스!
110,시건방진 리틀 프린스,글/그림 / 이치카와 나츠오 / 24화 완결 / ,로맨스,"“헐? 누나는 내가 별로야? 나 좋아 안 해?” “이 좁아터진 방구석에서 열두 살짜리랑 무슨 동거야?! 내 일상이나 돌려줘!!!” 건방지기 짝이 없는 미소년 왕자님과의 동거, 개막?! 젊은 여성을 겨냥한 옷 가게에서 일하는 우메 앞에 어느 날 갑자기 요즘 최고로 잘나가는 아역 겸 키즈 모델 에이시로 군(열두 살)이 등장, 천사 같은 얼굴을 했지만 속은 검은 에이시로의 계략(?)에 의해 두 사람은 급거 동거하게 된다! 첫눈에 반한 우메를 향해 에이시로는 열심히 구애(?)하지만, 댄디한 연상남이 취향인 우메의 눈에는 에이시로가 한낱 꼬맹이로만 보이는데……. 연상녀×연하남 장인! 이치카와 나츠오의 신감각 순정(?) 최신작!!"
111,강력계투캅스 [단행본],글/그림 / 박원빈 / 14화 완결 / ,액션,범죄와의 전쟁!! 여기 사나이들의 생명을 담보삼은 처절한 사투를 보라!! 우정과 의리. 그리고 처절한 믿음이 가슴을 적신다!!
112,레인 드롭 [19세 완전판],글 / 금선 / 그림 / 야호 / 77화 완결 / ,BL,"갓 제대한 '한 강'은 오랜만에 찾아간 누나의 집에서 벌거벗은 낯선 남자 '강래인'을 만나게 된다. 성인인 '강래인'을 갈 곳 없는 고등학생 신분으로 착각한 '한 강'은 동정심에 그를 자신의 자취방으로 들이고, 둘은 갑작스러운 동거를 시작하게 되는데..."
113,빨간머리 제임스 외전[19세 완전판],글/그림 / 박호단 / 9화 완결 / ,BL,"“제임스, 넌 아름다워.” “그럼 키스해 주세요.” 헨리 커스버트에게 한 눈에 반한 빨간 머리 고아 소년 제임스는 몇 번의 고비를 넘긴 끝에 마침내 헨리의 일꾼이 되는데 성공한다! 튼튼한 일꾼이 필요하다는 헨리의 바람대로 제임스는 무럭무럭 자랐고 커진 키만큼 제임스의 헨리에 대한 사랑도 커져만 가는데..."
114,깊은 탐닉의 시간 컬렉션 [할리퀸][19세 완전판],글 / 레슬리 켈리 / 그림 / 키리시마 루카 / 120화 완결 / ,로맨스,<깊은 탐닉의 시간 컬렉션> 작품 구성 01. 운명 혹은 본능 02. 천사를 위한 거짓말 03. 속죄의 결혼 04. 라스베이거스의 밤 05. 뜨거운 경매 06. 검은 공작 07. 억만장자와 새장 속 작은 새 08. 엔젤의 눈물 09. 사랑의 옥션 10. 첫 키스는 영원히 11. 사랑에 대한 8장 12. 대부호의 신부와 아이 13. 가면의 신부 14. 사막의 다이아몬드 15. 천사의 유언 16. 하룻밤만 사랑해줘 17. 굴욕의 레슨 18. 달콤한 열정 19. 천사의 비밀 20. 신데렐라와 얼음왕자
115,선배! 우리 얘기 좀 해요 [BL][19세 완전판],글/그림 / 유주인 / 35화 완결 / ,BL,저 선배... 뭐지? 눈에 띄지 않았던 선배 도현과 우연히 조별과제를 하며 가까워진 승주는 자신에게만 유독 무뚝뚝한 선배에게 묘한 호기심을 가지게 된다. 사실 승주를 남몰래 짝사랑하고 있던 도현은 점점 커지는 승주에 대한 마음을 숨길 수가 없게 되는데… ＂선배! 우리 얘기 좀 해요.＂
116,오만한 아가씨는 처음인 것이 불만이다 [개정판],글/그림 / 카니 이토 / 37화 완결 / ,로맨스,"""건방진 아가씨를 조련하는 건 재미있을 것 같군."" 온화하고 둔감한 상사? 아니면 폭군 약혼자? 어느 쪽이 진짜 그의 모습인지 모른 채 농락당하고…. 세상 물정 모르는 온실 속 화초처럼 자란 나즈나는 상사 사토미를 짝사랑 중. 그러던 중 내키지 않은 마음으로 만난 약혼자 후보인 자이젠은 사토미와 쌍둥이인 듯 닮았는데…?! 사토미와 비슷해 보여도 역시 처음은 좋아하는 사람이 아니면 싫어! 교만하지만 순진하고 일편단심인 나즈나는 어느 쪽?!"
117,소마천자 [단행본],글/그림 / 황재 / 20화 완결 / ,무협,"무(無)!! 바람도 없고, 소리도 없고, 욕망도 없다. 검이 없으면 초식도 없음이라! 무초식! 손이 검이요, 마음이 바로 검이로다! 그것이 곧 마교의 전설적인 신검 <파풍역검> 의 진검 초식이려니!!"
118,사마달 무림쟁투 컬렉션,글/그림 / 사마달 / 176화 완결 / ,무협,<사마달 무림쟁투 컬렉션> 작품구성 1. 혈월무림 [개정판] 2. 칠검쟁투 [개정판] 3. 조폭무림 [개정판]
119,속도위반 대표님과 계약 아내,원작 / Flower / 감수 / Shibuciyuan / kkworld / 533화 완결 / ,로맨스,고혜원은 친구의 계략으로 대기업 대표 윤석찬의 아이를 갖게 된다. 그 탓에 재벌가의 약혼녀가 됐지만 정작 상대는 뱃속의 아이한테만 관심을 가질 뿐 그녀에겐 눈길도 주지 않는 듯하다. 그런데 막상 결혼하고 보니 그녀에게 다가오기 시작하는 그 남자. 혜원도 과거의 소심한 모습에서 벗어나 점차 석찬에게 마음 문을 열기 시작한다. 하룻밤 만에 신데렐라 자리에 오른 혜원과 차가운 재벌 집착남 석찬의 속도위반 신혼 생활은 어떤 결말을 향해 뻗어 있을까?
120,엔젠간 나도 사랑을 하겠지,글/그림 / 지신지 / 36화 완결 / ,드라마,"사랑의 감정을 모르는 20대 광기, 우리는 모두 사랑해야 할까요?"
121,왕녀님은 파혼하고 싶어 2,글/그림 / Mii / 49화 완결 / ,로판,"기억을 잃은 북부의 지배자 에녹 호크에게 무도회 초대장만 남긴 채 제니스로 돌아온 왕녀 릴리에 드 제니스. 그녀는 이윽고 열린 무도회에서 생각지도 못한 모습으로 에녹을 마주한다. 기억을 잃고 더 난폭해진 에녹 호크는 막무가내로 그녀를 북부로 데려가겠다고 하고, 제니스를 지켜야 하는 릴리에는 이를 완강히 거부하는데.."
122,평범하게 사랑해서 [웹툰판/개정판],글/그림/원작 / 테라시마 / 17화 완결 / ,BL,"학생 시절부터 계속 「평범하다」라는 말을 들어온 후카와. 정직원이 되기 위해 계약직 사원으로써 노력해 왔지만, 갑자기 회사의 에이스 스파다로부터 「독립해서 세우는 회사에 와줬으면 한다」라는 제안을 받는다. 후카와는 놀랐지만, 자신을 바꾸기 위해 그와 일하기로 결심. 하지만 스파다는 이상할 정도로 누구에게나 호감을 사는 「특별」한 사람이었다! 스파다의 다양한 면을 알게 되면서 평범한 인생…이었을 후카와의 생활, 그리고 마음은 바뀌기 시작하는데…."
123,통천의왕문 [단행본],글/그림 / 천제황 / 10화 완결 / ,무협,"""죄인 설비연은 지극히 사악한 심기와 음심을 가진 여인으로서 출가한 불문의 제자가 마땅히 지켜야 할 구족계 중 사음(邪淫)과 투도(偸盜)의 죄를 범하였다. 구도멸겁… 자비의 도를 넘어 살생의 도리를 말함이니 부처님께서 말씀하시길 자비로써 감화시킬 수 없는 악인은 아예 제거해 버리라 하셨다. 이에 죄인 설비연을 참형으로써 그 죄를 다스리노라!"" 젊고 아름다운 미모에다 이미 불문의 깨달음까지 얻었다는 설비연은 어찌 여승의 몸으로 아이를 잉태하였을까…"
124,달링 매니악,글/그림 / 호시모리 유키모 / 50화 완결 / ,로맨스,"“10년 전부터 너를 좋아했어!” 꽃미남 쌍둥이 형제의 맹렬한 러브 어택이 시작됐다 한 지붕 아래 펼쳐지는 꽃미남 쌍둥이 형제와 서툰 여고생의 우당탕탕 러브 코미디, 개막!"
125,타코피의 원죄,글/그림 / Taizan5 / 20화 완결 / ,드라마,"소년소녀의 간절한 울부짖음에 답해다오. 지구에 행복을 퍼트리기 위해 내려온 해피별 성인(星人) 타코피. 자신을 구해준 소녀, 시즈카의 미소를 되찾아주기 위해 동분서주하지만, 그녀를 둘러싼 환경은 처절하기만 하다. 무구한 타코피는 상상조차 할 수 없는 일이었다. 단지 그녀가 웃어주길 바라며 타코피가 저지른 죄란...?! 무구한 선의가 불러 일으키는 예측불허의 충격 전개!!!"
126,결국은 카논,글/그림 / 요네시로 쿄 / 62화 완결 /  ,로맨스,"요네시로 쿄 작가가 그리는 첫 번째 SF만화로, 남주인공을 8년간 짝사랑하는 여주인공의 심리를 자세하게 그리고 있는 만화이다. 남주인공이 결혼을 한 이후에도 게속 지고지순한 사랑을 간직하고 있는 여주인공의 모습은 불륜이지만 불쾌하지 않게, 자연스러운 인간의 감정으로 묘사된다. 외계 침략을 받은 미래의 도쿄를 무대로 하는 SF 러브 스토리다."
127,강아지계 남자들과 삼각관계 [개정판],글 / 키미이 / 그림 / 마로 / 12화 완결 / ,로맨스,"강아지는 키스도 핥는 것도 잘해…. 친구를 따라 인기 밴드의 라이브 공연에 갔다가 돌아오는 길.혼자 있는 미사키에게 밴드의 멤버가 말을 걸어 저녁을 함께하게 된다. '저녁 식사'만 같이 하는 줄 알았는데… 어느새 더 깊은 사이가 되어가고! 기타를 연주하던 손이, 강아지 같았던 미남의 혀가 미사키를 흥분하게 한다. 설마 이 일로 밴드맨과 음악 관계자에게까지 휘둘리게 될 줄은 몰랐어!!"
128,오적도,글/그림 / 조원표 / 66화 완결 / ,드라마,"한국대학교 해양학과 학생들은 학교 행사를 위해 '오적도'로 향한다. 하지만, '오적도'의 바다는 이미 썩을 대로 썩어 죽은 물고기가 해변을 가득 덮고, 마을 사람들은 이상한 피부병이 온몸에 가득하다. 이미 배는 떠났고 2박 3일을 '오적도' 머물러야 하는 학생들. 꺼림칙하지만 학교 행사를 즐기려 한다. 그리고 그날 밤, 무언가에 감염된 학생 한 명의 입에서 거대한 촉수가 나오고 학생들을 공격하기 시작한다. 살기 위해 바다로 도망치는 학생들. 그리고 그곳에는 섬 밖으로 아무도 나가지 못하게 하는 정체불명의 괴물이 기다리고 있다. 결국, 살아남은 학생들과 섬마을 사람들, 군인들은 힘을 합쳐 괴물을 피해 섬을 탈출할 계획을 세운다. 하지만, 시간이 지날수록 살아남은 섬마을 사람들이 숨기고 있던 섬마을의 정체가 밝혀지게 되는데..."
129,냉랭한 상사와 야한 연애를 하고 싶어요 [개정판],글/그림 / 나츠토 미야 / 16화 완결 / ,로맨스,"""이제 와서 무슨 소리야, 네가 유혹해놓고."" 남들보다 조금 더 예민하고 타인과 관계를 맺는 것이 서툰 호소이 치사. 신입사원 치사는 교육 담당인 야나기다가 무뚝뚝하고 무서워 겁을 먹는다. 그런데 출근길에 나타난 치한으로 인해 소란스러워진 현장에 놓이게 되자 두려움에 떠는 치사를 위로해준 것은 우연히 같은 전철을 탄 야나기다. 처음 보는 다정한 표정과 부드러운 말투에 첫인상과 다르다는 것을 깨닫고 어느샌가 야나기다의 조용하고 정중한 태도에 끌리기 시작한다. 그러다 함께 간 술집에서 잔뜩 취한 치사는 자신도 모르게 고백을 해버리는데…!"
130,"선배, 열 번만 자요. [19세 완전판]",글 / 곰 / 그림 / 오랭 / 50화 완결 / ,BL,"복학을 하루 앞두고 고시텔에서 쫓겨나 히키코모리 꽃덕후 현우. 오랜 지병인 미주신경성 실신을 앓고 있던 현우는 하루 아침에 길거리로 쫓겨나지만 구사일생으로 자신의 대학후배이자 플라워카페 사장인 한성의 밑에서 일하게 된다. 그런데, 이 후배 녀석한테서... 묘한 '향기' 가 난다. 달콤하면서도 아찔한 이 향기를 맡게 되면 제 뜻과 상관없이 흥분하게 되는데... 그런 현우의 상황을 아는지 모르는지 어느날 갑자기 한성이 현우에게 뜻밖의 제안을 한다. ""선배, 우리 열 번만 자요."""
131,시한부 악년가 복수하는 방법,글 / 노래 / 그림 / 달 / 원작 / 묘묘희 / 75화 완결 / ,로판,"그저 사랑받고 싶었다. 연금술사의 힘을 각성한 이후 파산 직전인 가족을 위해 끊임없이 금을 만들었다. 그게 생명을 깎아 내는 짓인 걸 알면서도. 하지만 살인 미수죄로 죽을 때, 누구도 그녀의 곁에 없었다. 그녀의 생명으로 산 드레스를 입고 여동생은 황태자의 품에서 거짓 눈물을 쏟았다. 새 부리에 쪼아 먹히며 해낸 세 번째 각성. 그녀, 밀비아는 시간에 손을 댔다. 과거로 돌아온 밀비아에게 남은 수명은 1년 뿐. 그 안에 복수를 하리라. 그래서 광기사라 불리는 자와 하룻밤을 보냈다. 이제 겨우 남작위 정도를 받았을 뿐인 사내. 상상도 하지 못할 부를 주는 대가는 오직 그녀의 곁을 지키고 사랑하는 척해 달라는 것뿐. 원래 내 가족이 가졌던 모든 걸 당신에게 줄 테니까. 내가 복수하는동안 무너지지 않게만 해 줘"
132,Stigma,글/그림 / 말룽 / 62화 완결 / ,BL,"어두침침한 도시의 뒷골목. 조용한 성격이지만, 폭력적인 성향도 있는 '보리스'는 하룻밤 상대를 구하러 공공 화장실로 간다. 화장실에는 긴 줄이 늘어서 있었고, 검은 머리의 한 남자가 변기에 엎드린 채 그들 전부를 상대하고 있었다. 일방적으로 보이는 그 광경에 보리스는 섹스에 열중하던 남자와 주먹다짐을 벌이고 검은 머리칼의 남자를 구출해 데리고 나간다. 누구나 자신에게 쉽게 섹스를 요구해왔고 또 요구를 굳이 거절하지도 않고 살아왔던 검은 머리칼의 남자, '세현'은 이제까지 만나왔던 남자들과는 다른 보리스의 모습에 호기심을 느끼고 접근한다."
133,시작은 i로부터,글/그림 / 밍 / 118화 완결 / ,BL,율이 돌보는 것 좀 도와주라. 짝사랑 상대에게서 받은 세상에서 가장 황당한 제안. 갑자기 생겨버린 조카를 함께 키우자고 제안한 지환의 속마음은 과연 무엇일까...? 아이를 싫어하지만 지환과 함께 있고 싶어 덜컥 제안을 수락해버린 준에게 닥쳐오는 험난한 육아의 현실! 본격 알콩달콩 육아 BL물이 찾아온다!
134,고스트타운의 흑풍 [단행본],글/그림 / 황재 / 3화 완결 / ,액션,"악마의 화신인 「검은 바람」이 불기 시작하면 바람이 없기로 이름난 고스트 타운에 재앙이 찾아들고, 폐허가 되리라…!"
135,혈무도풍운 [단행본],글/그림 / 황재 / 7화 완결 / ,무협,"혈무도!! 피빛의 안개가 인간의 접근을 불허하는, 악마가 세운 지옥이라 알려진 그 곳- 한 번 발을 딛는 순간 아무도 벗어날 수 없는 곳! 차라리 지옥에 갈지언정 혈무도엔 들어가지 말라!"
136,피곤한 직장인 일기,글/그림 / 유 / 30화 완결 / ,드라마,"주말, 칼퇴, 월급을 사랑합니다. 아, 남편과 반려견 꽃남이두요! 직장인이라면 누구든 끄덕끄덕할 맞장구 에피소드 한가득. 평일의 한가운데 수요일에 엿보는 우리 모두의 일기장 <피곤한 직장인 일기>"
137,나의 마리아,글/그림 / 미치 / 42화 완결 / ,로맨스,"근미래, 무정부 상태의 뉴욕에서 클리너로 살아가는 마리아. 그 곁에는 한 명의 소년이 있다."
138,나의 엽기적인 왕비,글 / 큐비씨앤엠 / 그림 / kunwu comic / 55화 완결 / ,로판,"임무 수행 중 갑작스러운 비행기 추락 사고로 목숨을 잃고, 동생에게 약혼남을 빼앗긴 장군부 장녀로 환생했다! 환생하자마자, 온몸에서 악취가 난다는 이유로 사람들에게 조롱받고 약혼남에게 따귀까지 맞다니. 하지만 이제 예전의 그 심유화는 없어! 동생에게 복수하고, 약혼남을 조롱하고, 간사하게 세 치 혀를 놀리는 사람들을 가만두지 않기로 결심한 유화. 그러던 어느 날 밤, 느닷없이 유화의 방에 들어온 한 남자. 한바탕 소란 끝에 그가 심각한 기독에 중독되었다는 사실을 알게 된 유화는 그를 치료해주기로 한다. 물론, 그가 온 나라에 명성이 자자한 무시무시한 왕야라는 사실은 꿈에도 모른 채! 그날 밤, 심유화에게 첫눈에 반한 왕야는 남몰래 그녀를 돕기로 하는데…"
139,가족이 되는 방법 [19세 완전판],글/그림 / 모주 / 90화 완결 / ,BL,"부모의 재혼으로 가족이 되었던 도연과 은하는 부모의 이혼으로 다시 남남이 되고 만다. 몇 년의 세월이 흘러 다시 만난 두 사람. 은하는 도연에게 집착하고, 도연은 그런 동생이 부담스럽지만… 더 싫은 건, 은하에 대한 자신의 감정이 ‘형제애’가 아니라는 것이다."
140,상사놈과 캡슐 호텔에서 하룻밤 [개정판],글/그림 / 메그 / 85화 완결 / ,로맨스,"""다 들리겠어."" 회사 회식에서 상사인 하다노와 말다툼을 하다가 마신 홧술에 잔뜩 취해버린 미노리. 막차까지 놓친 두 사람은 근처에 있는 캡슐 호텔에서 묵기로 한다. 하지만 어떤 여자가 미노리의 침실을 차지해버려 빈자리가 없어진 상황. 어찌 해야 할 지 고민하던 미노리 앞에 나타난 하다노는 그녀에게 자신의 방에서 함께 자자고 한다. 좁은 공간 탓에 밀착하게 된 서로의 얼굴을 마주 보며...약간의 긴장감에 설레는 마음이…!"
141,언짢은 DOUDOU [웹툰판/개정판],글/그림/원작 / 코우노 토키 / 15화 완결 / ,BL,"샐러리맨 아사기는 가장 좋아하는 캐릭터, 도키의 제작회사에서 일한다. 과거 트라우마로 도키를 좋아한다는 사실을 숨겨온 아사기. 그러나 몸이 아파 조퇴한 날, 아사기의 집을 방문한 직장 동료 이와모토에게 도키로 가득찬 집을 들키고 만다. 이제까지 교류가 딱히 없었던 이와모토에게 비밀을 들켜 혼란스럽지만, 이와모토는 그저 무심하게 아사기의 과거가 잊힐 만큼의 말을 건넬 뿐. 이와모토의 무뚝뚝하지만 다정한 태도 덕분에 주변의 눈치를 보지 않고 점차 나다움을 되찾게 된 아사기는 서서히 이와모토에게 끌리게 되는데"
142,야설록 중원일검 컬렉션,글/그림 / 야설록 / 180화 완결 / ,무협,<야설록 중원일검 컬렉션> 작품구성 1. 독보군림 [개정판] 2. 일월병승 [개정판] 3. 창랑왕 [개정판]
143,우치하 사스케의 사륜안전,글 / 키시모토 마사시 / 그림 / 타이라 켄지 / 25화 완결 / ,액션,"일족의 부흥과 어떤 목적을 위해 여행을 하는, 천재 엘리트 닌자 우치하 사스케. ‘매’의 멤버인 스이게츠, 카린, 주고와는 여행 중에 머문 숙소에서 함께 베개 던지기를 하며 노는 등 엄청 사이가 좋다! 오늘도 다 같이, 형인 이타치를 찾아 유쾌히 여행 중~?!  UCHIHA SASUKE NO SHARINGAN DEN"
144,천일의 아내 [19세 완전판],글 / 죠이나 / 그림 / 0510 / 베리 / 62화 완결 / ,로맨스,"""우리…한 번 잘래요? 마지막 하루쯤은 진짜 부부여도 좋잖아."" 재벌가 손자며느리, 액받이 신부, 고졸, 주부, 신데렐라, 그리고 새해 첫눈처럼 순결한 모.태.솔.로. 결혼 천일만의 이혼 선언과 함께 은애를 떠날 수식어들이었다. 하지만 허울뿐이었던 남편이 예상과 달리 그녀의 마지막 은밀한 청에 열띠게 호응해 오면서 부부의 세계는 새롭고 뜨거운 반전을 맞게 된다."
145,BAITS(베이츠) [19세 완전판],글 / 제이제이 / 그림 / 준강 / 79화 완결 / ,BL,"자신이 수인인 걸 모르고 살던 수남은 폭주하는 수인의 타깃이 되어 위험에 빠지고, 이를 시열이 구해주게 된다. 하지만 놀람도 잠시, 수인을 관리하는 원로회에 끌려온 수남은 수인의 미끼가 되어, 시열과 함께 수인 폭주 사건을 해결하지 않겠냐는 제안을 받게 되는데… #현대물 #판타지 #수인물 #연하공 #까칠공 #연상수 #존댓말수"
146,시크릿 언더 립 [BL],그림 / 가잴 / 59화 완결 / ,BL,#현대물 #오피스 #연하공 #대형견공 #다정공 #츤데레수 #능력수 #미인수 화장품 회사를 다니는 권찬웅은 신입사원다운 씩씩함과 싹싹함으로 순조로이 직장 생활을 하고 있다. 어느 날 취한 팀장을 집에 데려다주던 찬웅은 그의 비밀을 알고서 우왕좌왕하기 시작한다. 회사의 기대주이자 찬웅의 롤 모델인 팀장 박영인. 과연 그의 비밀은 무엇이길래 찬웅을 혼란스럽게 하는 걸까? 찬웅과 영인의 어덜트 & 섹시한 오피스 BL.
147,멸마검제 [단행본],글/그림 / 황재 / 17화 완결 / ,무협,"불사마제 강운령의 출도 이래, 사마의 무리들은 군마천으로 규합되었고 백도무림은 지리멸절 되었다. 이에 전대의 고인 3성은 군마천에 대항 할 백도의 열협들을 암암리에 모았다. 그들은 태백산 운룡곡에 비밀스런 백도 연맹을 찬거하였는데 완벽한 진세와 철통같은 기관장치로 위장 된 그곳의 이름은 단협맹!"
148,반드시 찾아올 행복 컬렉션 [할리퀸],글 / 헬렌 딕슨 / 그림 / 모토 나오코 / 120화 완결 / ,로맨스,<반드시 찾아올 행복 컬렉션 [할리퀸]> 작품 구성 01. 은 스푼을 떨어뜨린 어린 아씨 02. 지진처럼 강렬한 03. 왕자님에게서 온 초대장 04. 사랑합시다(변호사 형제는 사랑이 서툴러) 05. 결혼합시다(변호사 형제는 사랑이 서툴러) 06. 미운 오리 공주님(뒤바뀐 운명 1) 07. 재투성이 공주님(뒤바뀐 운명 Ⅱ) 08. 우정 결혼 09. 사랑에 눈뜬 소녀 10. 포로가 된 신부 11. 기억 속의 멜로디 12. 언젠가 사랑해줘 13. 사라진 신부와 잊을 수 없는 사랑 14. 사랑의 큐피드는 어느 날 갑자기 15. 행복의 환영 16. 비서라는 이름의 포로 17. 그 남자의 아내 18. 비 온 뒤 해피엔드 19. 백작 영양의 거만한 연금술사 20. 사랑의 레시피는 어떠세요?
149,황성 독불전설 컬렉션,글/그림 / 황성 / 220화 완결 / ,무협,<황성 독불전설 컬렉션> 작품구성 1. 독불무적 [개정판] 2. 제룡지도(원제:용골) [개정판] 3. 철인전설 [개정판]
150,다윗의 초상,글 / 금선/ 그림 / 자연 / 48화 완결 / ,,"뛰어난 모작 실력을 가졌지만 창작엔 재능이 없어 인정받지 못한 화가 요셉은 자괴감을 이기지 못하고 극단적인 선택을 하려고 한다. 그런 그를 막아선 비밀스러운 여자, 르네. 자신을 위한 그림을 그려달라는 말에 요셉의 가슴은 요동치고, 마지막 기회를 잡고자 그를 따라 화가의 도시,'델모'로 향한다. 그러나 '델모'에 도착한 후, 기대와는 전혀 다른 의뢰를 받게 되는데…"
151,야설록 7월 신작 컬렉션,글/그림 / 야설록 / 160화 완결 / ,무협,<야설록 7월 신작 컬렉션> 작품구성 1. 용문 [개정판] 2. 천상비록 [개정판]
152,할리퀸 7월 신작 컬렉션,글 / 미랜다 재럿 / 그림 / 오가타 린 / 90화 완결 / ,로맨스,<할리퀸 7월 신작 컬렉션> 작품 목록 01. 흑장미의 복수 02. 치어리더 만들기 03. 품격 있는 애인 ① 04. 품격 있는 애인 ② 05. 사랑의 용기(사막의 왕자들) 06. 마음속의 프린세스 07. 연애 계약 08. 7년째의 키스 09. 날 사랑한다고 말해 10. 결혼과 속죄 11. 불장난 좋아하세요? 12. 당신을 원하는 이유 / 사소한 실수 13. 프린세스 조교사 14. 사랑의 손길 15. 사랑과 배신의 항로
153,황성 7월 신작 : 천마대제,글/그림 / 황성 / 82화 완결 / ,무협,납치당한 후 실험체가 되었지만 탈출과 함께 운명이 바뀌었으니…. 세상을 지배하는 천원삼공(天元三功)의 깨달음을 얻은 자가 무(武)의 종주(宗主)가 될 것이다…!!
154,거침없는 유혹 [단행본],글/그림 / 조명운 / 18화 완결 / ,액션,누구도 그 남자를 건들이지 마라!
155,불사조 [단행본],글/그림 / 천제황 / 13화 완결 / ,무협,죽음의 전령은 불사조… 불사조가 이승의 살아있는 귀산에게로 날아가게 되는 순간 이미 한 사람의 종말이 도래한다는 전설은 이미 낡디낡은 것이라고 할 수 있다.
156,사신 도련님과 검은 메이드,글/그림 / 이노우에 코하루 / 237화 완결 / ,로맨스,"어렸을 때 <손을 대는 모든 것을 죽게 만든다>는 저주에 걸려, 주위에 거절당하면서 살아온 귀족 도련님. 그런 도련님이 지금 가장 곤란한 것은…그를 모시는 메이드 ""앨리스""의 역성희롱! "
157,최상의 명의 -더 킹 오브 니트-,글 / 이리에 켄조 / 그림 / 하시구치 타카시 / 182화 완결 / ,드라마,"고등학생인 모가미 요시아키는 등교거부까지 하고 있는 불량 학생. 언뜻, 아니 실제로 별 볼일 없는 남자일지 모르지만, 이렇게 완전히 자기중심적인 남자이기 때문에 구해낼 수 있는 생명이 있다. 과유불급이라고 하지만 넘치고 넘쳐, 언젠가 무언가를 격파해낼 것만 같은 제 1권!"
158,최상의 명의 -더 킹 오브 니트-,글 / 이리에 켄조 / 그림 / 하시구치 타카시 / 106화 완결 / ,드라마,"어려서 심장수술을 받아 목숨을 건진 뒤최고의 소아외과의가 되겠다는 꿈을 품는, 사이죠 미코토. 소년의 꿈은 위대한 스승을 만나면서 의지로 바뀌고,주위 사람들에게 영향을 주며 무한히 펼쳐져 간다…. 용기와 감동, 각오와 열정이 담긴 뜨거운 이야기의 막이 열린다!"
159,우리들의 마지막과[GL],글/그림 / 코루세 / 6화 완결 / ,로맨스,"원인은 알 수 없지만 인류는 멸망했고 우리 둘만 살아남았습니다. 앞날은 알 수 없지만 서로가 있다면 이곳이 죽은 뒤의 천국이라도 괜찮다. 세상이 끝나고 살아남은 두 사람을 그린 「우리들의 마지막과」와, “이 세상의 끝을 보러 가자.” 세상이 끝나는 모습을 보러 떠나는 두 사람을 그린 「그러면 여러분 좋은 종말을」에 더해 단행본 특별 에피소드 두 편이 수록된 코루세의 단행본."
160,대표님 취향이 특이해,원작 / animation Dong / 261화 완결 / ,로맨스,"“결혼하자. 기한은 1년. 그 안에 네가 날 사랑하지 않으면 널 놔 주겠어. 하지만 날 사랑하게 되면 우린 영원히 함께하는 거야.” 하지만 그들은 각각 무시할 수 없는 부캐를 가지고 있었으니… 뭐? 다크나이트? 천영위? 서로에게 비밀을 가지고 시작한 1년의 결혼, 과연 그들은 해피엔딩을 맞을 수 있을까?"
161,특급골잡이 [단행본],글/그림 / 오일룡 / 14화 완결 / ,액션,프로 축구팀 팬텀스 훈련장에 나타난 유비는 자신이 한국축구 최고의 선수라며 입단하겠다고 떼를 쓴다. 선수들과 실랑이를 벌이던 유비는 국가대표 선수인 관우의 도움으로 간신히 테스트받게 된다. 유비의 가능성을 알아본 팬텀스 감독은 유비의 입단을 허락한다.
162,현자가 동료로 왔다!,글/그림 / 아즈 / 21화 완결 / ,드라마,"가볍게 은둔 중인 내 방에 귀여운 현자가 찾아왔다! 따끔한 조언을 던지면서도 자신에 대해서는 둔하고… 정말 허술하고 귀엽답니다♡ 모여라, 사는데 서툰 동료들이여! 훈훈한 웃음이 멈추지 않는 신감각 우정 코미디 개막~♡"
163,바다의 그림자,글/그림 / 비둘기 / 57화 완결 / ,로맨스,"서로 연인 사이인 신인 영화감독 선과 영화 투자사 직원 파라. 선의 첫 영화 데뷔작은 선의 옛 연인인 첫사랑 '바다’에 대한 영화이다. 바다 역, 주연인 배우 유나는 선이 놀랄 정도로 바다와 닮아있고 선은 유나를 통해 자꾸만 자신의 첫사랑 바다를 본다. 설상가상으로 선의 페르소나인 남자 주인공 역의 배우 이한은 스케줄 펑크로 악명이 높으며, 투자사 대표의 막내아들. 파라는 이한의 감시역으로 영화 촬영 현장에 발을 들이게 되고, 선이 자신의 첫사랑에 대한 영화를 찍는 장면을 지켜봐야 한다. 옛사랑에 대한 영화를 찍는 선, 그것을 바라봐야 하는 지금의 연인 파라. 첫사랑과 너무나도 닮은 유나와 자신을 챙겨주는 파라에게 마음이 가는 이한. 정말로 네 사람은 비즈니스 관계로만 엮일 수 있을까? 한 번 열린 과거라는 '판도라의 상자'는 네 사람을 <바다의 그림자>라는 한 무대에 오르게 만든다."
164,스택 오버플로우 [BL],그림 / 필효 / 68화 완결 / ,BL,#다공일수#게임 #역하렘_미연시#절륜공#능글공#연하공#굴림수 업무 중 받은 한 통의 메일. [#게임하고$@#돈도 벌고$$$휴가가자ㄴㅇㄱ] 게임 테스터가 되면 돈도 주고 휴가도 보내준다고....?! 그렇게 참여하게 된 가상현실 게임에서 예기치 못한 사고를 당한 단고운. 간신히 눈을 뜬 고운에게 의문의 알림창이 떠오르는데… 새로운 게임을 시작하겠습니까? 현실로 침범해 버린 게임!! 나와 엔딩을 함께할 상대는 누구..!!?!
165,다정하게 말해줘[19세 완전판],글/그림 / 씽씽 / 123화 완결 / ,BL,"상품 하자 때문에 클레임 전화만 걸었을 뿐인데… 좋아도 너무 좋은 상담원의 목소리에 흥분해버린 영하. 그런 영하 앞에 상담원과 똑같은 목소리를 가진 남자가 등장한다?! 취향의 목소리에 흥분하는 영하. 연애보다 일이 더 좋은 꿀성대 은성, 성인용품 전문점 어덜트 엔젤 주인 선남, 영하의 첫사랑, 유도 선수 운이까지! 영하를 둘러싼 세 남자의 단짠단짠 사각(?)관계 로맨스!"
166,거짓말쟁이 종달새는 짝을 원해,글/그림 / 후지모토 베이커리 / 24화 완결 / ,드라마,"SNS의 카리스마 연애 마스터 우시오. 하지만 사실 그녀의 정체는 연애 경험 따위 없는 거짓말쟁이 회사원. 그러던 어느 날, 그녀에게 들어온 맞선 서비스의 체험기 의뢰. 하지만 맞선 상대는 전부 시원치 않은 남자뿐…. 연애 초보 우시오는 무사히 결혼 상대를 찾을 수 있을까?!"
167,환령신투 [단행본],글/그림 / 황재 / 18화 완결 / ,무협,처절한 쾌락의 소용돌이가 몰아쳤다. 격렬하고 뜨거운 열정이 산산히 부서진 남녀의 가슴을 훑었다! 무아의 공간에서 빚어진 본능은 폭풍처럼 사나웠다...
168,정도진명 [단행본],글/그림 / 황재 / 15화 완결 / ,무협,지지 않겠다! 우승열패라고 했다! 강한자만이 살아남고 약하면 사라진다!
169,여우크림타르트,글/그림 / TERRA / 16화 완결 / ,BL,"""카페 사장이 되는 것이 꿈인, 평범한 대학생 녹주. 녹주는 어느날 진상 손님 때문에 알바하던 카페에서 해고되고 만다. 같이 일하던 누나가 소개해준 카페에 가보지만, 그곳에는 계단밖에 없는데..? 눈 딱 감고 13번째 계단까지 올라가봐달라는 누나의 애원. 속는 셈 치고 겨우 계단을 밟자, 그곳에는.. 사장님에게 덜미잡힌 녹주와 영 못 미더운(?) 사장님의 달콤살벌 러브스토리!"""
170,붕대 소녀 기간[GL],글/그림 / 스도 유미 / 10화 완결 / ,로맨스,"쥬리가 여름방학 중에 학교에서 만난 사람은 온몸을 붕대로 감싼 동급생, 칸바라 나미였다. 접점조차 없지만 언제나 밝게 교실의 중심에 있던 그런 나미의 이상하게 별난 모습에 놀라는 쥬리. 그렇지만, 무엇보다 놀라운 것은 “내일 우리 집에 올래?’ 라는 나미의 생각지 못한 초대였다. 여성 간의 애절한 거리와 관계성을 그린 표제작 「붕대 소녀 기간」을 포함해 8편을 수록. 어른이 되어버린 당신의 마음을 뒤흔드는 걸즈 노스탈지아 단편집이 여기에."
171,야설록 대륙지존 컬렉션,글/그림 / 야설록 / 342화 완결 / ,무협,<야설록 대륙지존 컬렉션> 작품 구성 1. 대륙지존기 [개정판] 2. 철혈대장군 [개정판] 3. 풍운무제 [개정판] 4. 절대무흔귀 [개정판] 5. 야수무도 [개정판]
172,팬티요정 미미미,글/그림 / 영식 / 76화 완결 / ,드라마,"내 이름은 우민! 파릇파릇한 중학생이다. 그런 내가... 길바닥에 지려버렸다?! 천천히 고개를 돌리자 눈이 마주친 미미. 머리에 팬티를 쓴 그녀는 우민에게 팬티 한장을 건네고 사라진다. 그렇게 자신의 흑역사가 잊혀지길 바라던 우민 앞에 나타난 전학생은 미미?! 다시 만난 두 사람, 그리고 팬티! ""야, 내 팬티 내놔."""
173,킬러 5,글/그림 / 대천체리 / 144화 완결 / ,액션,"자신이 원해서가 아닌, 킬러 커플 부모님의 강압으로 킬러의 삶을 사는 소녀 지아. 어릴 때부터 지독한 훈련을 통해 살인기술을 습득한 결과 압도적인 능력을 가지고 있지만, 킬러 부모님의 백을 통해 킬러 조직에 들어오게 되어‘낙하산’이란 낙인이 찍히고 동기들로부터 시기와 질투의 대상이 된다. 그러나 정작 지아는 킬러라는 일에서 벗어나 평범한 10대 소녀로서의 삶을 꿈꾸는데…."
174,레벨 E,글/그림 / 토가시 요시히로 / 31화 완결 / ,액션,"우주 최고의 천재적인 두뇌와 미모, 그리고 최악의 성질을 가진 도그라 별 첫째 왕자… 일명 바보왕자. 그 마수로부터 지구를 지키는 건… 열혈 야구소년 7번 좌익수 츠츠이 유키타카. 지구를 공격해 오는 마물의 무리에 울며 겨자 먹기로 맞서게 된 악동 5인조. 그들의 모든 지략을 쏟아 부은 게임! 게임! 게임! 학원가야 하는데…"
175,리턴 서바이벌,글/그림 / 김무현 / 원작 / 연우솔 / 169화 완결 / ,판타지,"세상이 멸망하기 6개월 전으로 회귀했다? 이것은 기회? 아니면 절망의 반복? 지구를 덮친 대재앙, 좀비 바이러스. 폐허가 된 지구에서 죽음의 위기를 수십 번 겪으며 지독하고 악착같이 살아남기를 3년. 나는 결국, 더는 버티지 못하고 좀비 떼에 덮쳐져 최후를 맞았다. 그리고… 내가 다시 눈을 떴을 때… 나는 세상에 좀비 바이러스가 창궐하기 딱 6개월 전의 과거로 돌아와 있었다! 앞으로 6개월 후, 이 평화로운 세상은 멸망한다. 그리고 오직 나만이 종말이 오는 것을 알고 있다!! 멸망한 세상에서 살아남기 급급하던 나에게 다시 주어진 기회?! 6개월의 시간은 희망인가 절망인가! 다시 한번 멸망을 맞이한다면 미래를 바꿀 수 있을까?! 창궐하는 좀비 떼에 맞서는 서바이벌 액션 아포칼립스!"
176,영웅 뽑기는 신중하게,그림 / 팀리치 / 원작 / 이미누 / 79화 완결 / ,BL,"현금 결제로 ‘캐릭터 뽑기’를 해야만 하는 가챠 게임. 평범한 직장인 이민준은 친구가 개발한 모바일 게임의 첫 리뷰어가 된다. 기대 없이 시작한 게임. 역시나 지루한 오프닝에 눈이 절로 감기고. 다시 눈을 뜨니 게임 속 세상이었다. ― 환령술사님. 당신은 영웅들을 통솔하고 조종하는 역할을 맡아야 해요. 얼떨결에 튜토리얼이 시작된 통에 첫 영웅까지 소환하게 되고. 제법 강해 보이는 미남 영웅에 기뻐하지만, 알고 보니 그는 기억도, 제대로 된 무기도 없는 하급 캐릭터였는데……?"
177,에뷔오네 [컬러판],글/그림 / 김영희 / 150화 완결 / ,로판,"로맨스 판타지의 거장 김영희 작가의 <에뷔오네> 올컬러 리메이크 재탄생!! 아름다운 바다와 그보다 더 아름다운 바다의 왕. 그는 바다 속 고귀한 삶을 버리고 마녀와 계약한 채, 태양처럼 눈부신 공주를 찾아 육지로 올라오는데… 당신이 기억하는 <인어공주>의 전설을 뒤흔들 바다 왕과 태양 빛 공주의 강렬한 사랑 이야기!"
178,흑견의 노예왕자,글/그림 / 제스트쿄 / 90화 완결 / ,BL,"13세기 폴란드 푸오츠크 지방, 독일 기사단이 파견되어 주둔한 크뢰머 가문의 영지, 그곳엔 공국민의 무역이 활발하고 기타 민족의 포로들이 노예가 된 곳이다. 이곳의 문지기인 안제이의 앞에 통행증도 없이 커다란 도끼를 가진 남자가 나타나 통행증을 보여 달라는 안제이를 갑자기 공격한다."
179,위시유,글 / 소형성 / 그림 / 신사 / 원작 / 이서정 / 39화 완결 / ,BL,"매일 이리 치이고 저리 치이는 H엔터 인턴 윤상이, 퇴근 후 데이팅 어플에 접속해 짜릿함을 느끼는 게 그의 유일한 낙이다..! 이마저도 잘 안되던 어느 날, 퇴근길에 우연히 만난 남자의 노래가 그의 귓가에 계속 맴돈다. 그런데 인연인 걸까? 그 남자의 노래를 직접 들을 수 있다는 것만으로도 행복했는데, 그 남자의 데뷔 프로젝트에 참여할 수 있다니..!"
180,철검전설 [단행본],글/그림 / 황재 / 16화 완결 / ,무협,"그분을 찾아라! 그분을 찾으면 「진혼검」이 저절로 찾아들지니! 어둠속에서 기다려 왔던 수천년! 마마교의 진정한 부활을 마공공의 환신이 이룰지니, 반드시 그를 찾으라!"
181,심장 없는 엑소시스트,글/그림 / 자강 / 80화 완결 / ,판타지,"악마의 존재가 잊힌 시대. 악마들과 함께 잊혀가던 엑소시스트 '비첼'과 '제오'가 세상을 떠돈다. 제오는 악마와 싸울수록 특별하고도 위험한 힘을 쓰게 되고, 비첼은 그런 그를 자신이 도울 수 없단 사실에 안타깝기만 하다. 그들이 여정 끝에 보고자 하는 것은 무엇일까?"
182,디프라이브 [BL] [개정판],그림 / STUDIO107(울트라미디어) / 원작 / 박하사탕 / 51화 완결 / ,BL,"#소설원작 #캠퍼스물 #동거 #친구->연인 #대형견공 #다정공 #사랑꾼공 #무심수 #미인수 #가난수 ＂남는 방이니까 편하게 들어와. 부담 갖지 말고.＂ 학교 구내식당에서 평화롭게 점심을 먹고 있던 재경은 거주 중인 고시텔에 화재가 났다는 소식을 듣게 된다. 집을 잃고 좌절하는 재경에게 같은 과 동기인 성범이 동거를 제안하고, 선택지가 없던 재경은 결국 그 제안을 수락하게 된다. 걱정과 달리 성범은 재경에게 다정하게 대해주고, 그런 그에게 재경은 점점 이끌리는데... 이 동거, 과연 괜찮을까?"
183,꿈꾸는 먹잇감,글/그림 / Xiyuer / 108화 완결 / ,BL,악몽을 먹고 사는 강찬 앞에 나타난 순도 100% 악몽러 한유안! 처음 사귄 친구라는 이유로 강찬만을 믿고 따르는 유안은 그야말로 잘 차려진 밥상! 그런데 이 맛있는 먹잇감을 눈 앞에 두고도 도무지 먹을 수가 없다! “그림의 떡 같은 먹잇감 같으니… 어떻게든 먹고 말겠어!”
184,속도위반 로맨스,글 / 은랑호 / 그림 / 애고 / 원작 / 송보배 / 51화 완결 / ,로맨스,"비혼주의자는 임신하면 안 된다는 법 있어?! 명문대 출신, 수려한 외모, 최연소 팀장 은수는 모든 면에서 선망의 대상. 사내 비밀 커플이었던 마케팅 2팀장과는 최근 헤어졌다. 은수가 비혼주의자라는 걸 진지하게 받아들이지 않았는지… 청혼을 해왔으니 어쩔 수 없는 결말이지만 속이 쓰리다. 회식에서 술이 떡이 된 은수. 바래다준 팀 막내 현재를 유혹해 하룻밤을 보낸 사실은 애써 부정하고 싶다. 그런데, 몸에 뭔가 낯선 증상(?)이 나타나 병원에 가보니… 임신이란다! 결혼과 임신 모두 계획에 없던 은수에게 새 생명과 새 남자가 다가와 있다. 어떡하지?!"
185,악질 스트라이커 [단행본],글/그림 / 고행석 / 14화 완결 / ,액션,아시아 청소년 축구대회 준결승. 한국팀 골 게터 최형권의 컨디션 난조로 득점하지 못한 채 상대팀에게 골을 허용한다. 결국 최형권과 선수 교체로 첫 출장을 하게 된 구영탄은 김훈과 함께 경기 종료 10분을 남기고 두 골을 넣어 역전승을 거두어 인터뷰하게 되는데…!
186,절대영웅 [단행본],글/그림 / 천제황 / 12화 완결 / ,무협,무천연맹(武天聯盟)은 무림을 영도하던 용천문(龍天門)을 괴멸시키고 새로운 무림의 패주로 등극한다. 무천연맹주 적천홍은 몰락한 용천문주의 부인과 두 남매를 죽이기 위해 살수를 강호로 보내는데… 하지만 천룡(天龍) 백유향이 있는 한 용천문은 영원하리라!!
187,런웨이에서 웃어줘 [개정판],글/그림 / Kotoba Inoya / 195화 완결 / ,드라마,지금은 아직 작은 소녀 모델과 소년 디자이너 이야기 키가 158cm에서 멈췄다…. 후치토 치유키의 꿈은 「파리 컬렉션」모델. 주위에서는 '그만두라'며 말리지만 치유키는 꺾이지 않는다. 그 와중에 치유키는 같은 반 가난한 소년 츠무라 이쿠토가 미처 포기하지 못한 꿈 '패션 디자이너'를 '꿈 깨라'며 딱 잘라 말하고…?! '어림도 없다'는 모진 비판에도 한결같이 꿈을 좇아 달리는 두 사람의 이야기.
188,Oh! 마이 서방님,글 / 어깽 / 그림 / 도르맹 / 87화 완결 / ,로맨스,"이 작품은 가상의 조선을 배경으로 하는 퓨전사극이며, 작품에 등장하는 인물 및 설정은 허구입니다. 한양 최고의 기생인 도화. 하지만 그녀는 기생의 삶을 버리고 사랑하는 남자와 야반도주하려 한다. 하지만 돌아온 것은 배신! '당신이 어째서…?' 이유를 알지 못한 채, 그의 손에 살해당한 도화는 차가운 물속에 빠지고… 눈을 뜨니, 다른 사람이 되어 있다?! '마님? 내가 마님이라고?' 도성을 떠들썩하게 했던 연애담의 주인공, ‘홍서혜’가 되어 있었던 것! '세상에, 세상에. 내가 양반집 마님이라니!!!' 땡 잡았다, 천한 기생년 팔자 벗어버리고 잘난 남편 사랑받으며 호의호식하자…! 라고 생각한 것도 잠시. 어라? 이 부부, 소문이랑은 다르다? 도성을 흔들어놓으셨던 뜨거운 열애담은 다 어디 가고, 이렇게 찬바람만 부는 거야?! 좋아, 뭐가 어떻게 된 건지는 모르겠지만… 천하제일의 기생이었던 나, 도화. 남편부터 꼬셔보겠습니다!"
189,XX인사이드,글/그림 / 케이가 / 50화 완결 / ,액션,인간세계의 최약체 학생...이보람 지옥의 최강자로 군림해온 절대강자 ...뱅쿱 이 둘의 기묘한 공생관계가 시작된다. 매일매일 괴롭힘을 당하는 게 일상인 이보람에게 현실은 지옥이나 다름없다. 이런 보람의 몸을 빌려 피신한 마왕 뱅쿱은 그 누구보다 싸움을 갈망하는 트러블 메이커. 전혀 어울리지 않는 최악의 공생관계 이보람의 학교생활에는 어떤 변화가 일어날 것인가 예측불허의 학원 액션 판타지!
190,수상한 동거 [개정판],글/그림 / FL / 68화 완결 / ,BL,"“난 시간여행자야. 널 지키기 위해 미래에서 왔어!"" 반복되는 일상을 사는 신참내기 제빵사 한산 앞에, 자신을 시간여행자라고 소개하며 한 달 동안 동거를 하자고 주장하는 이가람이 등장한다. 한산은 분명 가람을 처음 보았음에도 불구하고, 마치 자신이 가람과 연인이었던 것과 같은 묘한 기시감을 느끼고 혼란스러워한다. 가람은 자신만이 산을 위험에서 구해줄 수 있다며 산을 졸졸 따라다니고, 산과 같은 빵집에서 일하는 예준 마저 흥미로워하며 둘의 관계에 끼어든다. 한편, 산과 가람이 사는 동네에 지속적인 방화가 발생하고, 그로 인해 커다란 산과 가람의 동거는 새로운 국면을 맞이하는데…"
191,아수라 [단행본],글/그림 / 박원빈 / 6화 완결 / ,액션,인간은 가슴에 칼을 꽂은채 태어난다! 운명이란 이름의 날카로운 칼을! 기억하라! 잊혀진 아수라의 슬픔을 위해..!!
192,먹을수록 강해짐,글/그림 / 기태온 / 원작 / 또속은냉죽 / 101화 완결 / ,판타지,"사람은 누구나 자신만의 재능을 가지고 있다. 그리고 그가 가진 재능은 바로 '먹는 것'이었다. 세계 곳곳을 돌아다니던 한국 출신의 국제범죄자 킴. 각종 범죄를 저지르던 킴은 국제경찰에 붙잡혀 호송되던 중 알 수 없는 세계에 빨려 들어간다. 그 세계에는 몬스터라 불리는 존재들이 가득했고, 그곳에서 킴은 모든 것을 먹어 치우며 최강의 생물을 꿈꾸게 된다. 나는 무엇이든 먹어 치울 것이다. 설령 그것이 드래곤이라 해도, 마왕이라 해도, 신이라 해도! 그리고 나는... 먹을수록 강해진다."
193,자정의 B사감,그림 / 박다연 / 원작 / 이리 / 55화 완결 / ,로맨스,"“그가 생생하고 아름다운 짐승처럼 그녀를 향해 걸어올 때, 오싹한 쾌감은 거기서부터 시작되었다.” 웹소설 <자정의 B사감> 웹툰화! “약속 지켜 줘서 고마워. 넌 이제 자유야!” 홀로서기를 준비하는 여자, 백윤하. “윤하 씨는 내 인생을 구원해 준 거예요!” 운명 같은 사랑을 절대 놓치고 싶지 않은 남자, 권우겸. 시작은 계약 결혼이었지만 서로를 향한 마음은 그 누구보다 뜨거웠던 그들의 러브스토리!! 지금 당신에게 찾아갑니다."
194,[GL] 그녀와 나의 곡선 [개정판],글/그림 / 팀 잔디또씨 / 23화 완결 / ,로맨스,"키스해 보고 싶다는 생각이 들었다, 오늘 처음 만난 팀장님과!"
195,하승남 골목대장 컬렉션,글/그림 / 하승남 / 160화 완결 / ,무협,<하승남 골목대장 컬렉션> 작품구성 1. 걸개천하 [개정판] 2. 골통조폭대장(원제:골통소림조폭) [개정판] 3. 골통삼급순찰 [개정판]
196,스머프 월드 [19세 완전판],글 / 제이제이 / 그림 / 오태 / 174화 완결 / ,BL,"제호그룹의 유력 후계자인 제규호는 사실 돈과 재미에만 관심이 있을 뿐. 회사를 물려받을 위기에서 벗어나기 위해 제규호는 탈(脫)제호 플랜을 세우고, 실행 자금을 마련하기 위해 돈세탁업자 남강하를 납치해 오는데...! 시즌 2에서는 새로운 커플이 등장! 비자금을 챙기기 위해 돈세탁업자를 찾아나선 재벌 3세 최승언, 위장취업한 회사의 팀장 모건형과 계획에 없던 로맨틱 무드에 휩싸여버린다..?! 그리고 마침내 규호X강하, 건형X승언 커플이 만나다! 각자의 목표를 이루기 위해 맞붙는 두 커플의 예상치 못한 앞날은? <스머프 월드> 시즌 3에서 계속 됩니다♥ #현대물 #리맨물 #재벌공 #능력수 #동거 #할리킹 #역할리킹 #재벌수 #너드공"
197,혈루사신 [단행본],글/그림 / 황재 / 10화 완결 / ,무협,가까워졌다... 그립고도 그리운 친구가 있는 곳이...! 나의 복수를 행할 곳이..!!
198,영웅비사 [단행본],글/그림 / 황재 / 14화 완결 / ,무협,모든 사람들이 전부 영웅이 될 수는 없는 법!
199,들키지마! XXX [BL] [개정판],그림 / Lee / 27화 완결 / ,BL,"#형좋아맨공 #음흉복숭아수 #쌍방삽질 #개그 #재회 #첫사랑 ＂X... X됐다... 네가 왜 거기서 나와!!!!＂ 어릴 적 짝사랑하던 상대, 서정우를 잊지 못하고 그와 자신을 모티브로한 BL웹툰을 연재 중인 은세은. 지금은 동네를 떠났다는 친구의 말에 안심하고 고향으로 내려간다. 그러나 친구의 말과 달리 고향에서 버젓이 우체국 일을 하고 있던 정우와 마주친다. 내가 상상한대로 똑같이 자라서 좋은데...! 진짜 좋기는 한데! 내 만화랑 너무 똑같잖아!!"
200,로판인 줄 알았는데 괴담이다,글 / 수호 / 그림 / 물푸울 / 55화 완결 / ,로판,"과제에 찌든 대학생인 내가, 어느 날 눈을 떠보니 아름다운 장미가 가득한 저택의 아가씨에 빙의했다! 막대한 재산, 비밀이 많은 가족들과, 수상한 저택과 메이드들. 그리고 다정한 미남 약혼자까지. 이건, 이건 분명 K-로판에 빙의한 것이 틀림없어! 제가 로판이라면 자신 있죠, 원작자도 만족할 해피 엔딩을 만들어 드리겠습니다! 우선 사용인들과 친구가 되는 것부터 시작하기로 했다. “내가 기억 상실증이 있어서 그러는데, 네 이름이 뭐야?” …어라? 다들 이름이 같잖아? . . . [장미 넝쿨 저택 사용인 근무수칙] 4. 마담 자우어의 딸들에게 본인의 실명을 말해서는 안 됩니다. 이를 어긴 사람은 즉시 해고되며, 당일 본 저택을 떠나야 합니다."
201,무법대학,글 / 기령 / 그림 / 조민호 / 80화 완결 / ,액션,"올해 스무 살이 된 오정서 가온 대학 경호학과에 스카우트되어 입학한다. 대학 입학과 함께 새 삶을 꿈꿨던 오정서의 기대는 입학 첫날부터 학회장 이용오의 주먹에 처참히 부서지고, 가온 대학이 평범한 대학이 아니라는 사실을 알게 된다. 오정서는 이 폭력과 부조리, 비밀이 가득한 가온 대학에서 학회장 이용오를 비롯해 자신에게 적대감을 보이는 선배와 동기들에게 굴하지 않고 맞서 싸우면서 그의 대학생활은 첫 매듭부터 꼬여버리고 만다. 하지만 오정서 역시 아무 이유 없이 스카우트된 것이 아니었고, 그는 자신의 과거를 이용해 스카우트한 경호학과의 1인자 성덕호 교수의 가장 강력한 장기말로 이용되기 위해 경호학과 수석을 목표로 싸우게 된다. 하지만 이런 오정서의 사정과는 별개로 입학 첫날부터 제대로 꼬여버린 오정서가 이빨을 드러내기 시작하자 점점 더 강한 상대들이 싸움을 걸어오기 시작하는데…"
202,사이코메트러 - 기억의 파편,글/그림 / 와이낫미프로덕션 / 51화 완결 / ,드라마,사람이나 물건에 깃든 기억이 보이는 초감각 능력 「사이코메트리」의 힘을 가진 강민우. 능력에 인생을 농락당하고 있던 강민우였지만 형사 이아란을 만나면서 인생이 변하게 된다. 사건 현장에 방치된 유류품에 남은 기억을 무기로 일상에 숨어 있는 흉악범죄에 맞선다!!
203,짝과 적,글/그림 / 권라드 / 64화 완결 / ,드라마,"주인공 ‘구희인’은 속된 말로 기레기이다. 평범한 어느 날 벼락을 맞고 자신의 ‘영혼’을 볼 수 있게 된다. 그리고 ‘영혼’을 통해 타인의 대화를 캐내어서 본심을 알아내는 능력을 가지게 된다. 구희인은 자신의 영혼에게 ‘짛’이라는 이름을 붙여주고, ‘희인’과 ‘짛’은 가지게 된 능력의 한계를 시험한다. 그러던 중 ‘선하’라는 좋은 기자를 만난 후 희인은 짛의 능력을 사용하여 여러 사람들의 본심을 읽어내고, 선하가 더 좋은 기사를 쓸 수 있도록 돕는다. 하지만 희인은 계속 그 능력을 사용하는데 이상함과 죄책감을 느끼게 된다. 그런 희인에게 전 여자친구인 박선주가 희인을 찾아와 다시 만나자고 제안하고, 희인은 박선주와 이도 저도 아닌 애매한 관계가 되어 마음이 복잡한 상태에 빠진다. 희인은 선하의 일을 도우며 자신은 더 이상 기레기로 살고 싶지 않다는 마음이 확고해진다. 한편 선하는 희인에게 점점 감정적으로 가까워진다."
204,바람이 머무는 자리 [19세 완전판][BL],글/그림 / 유사 / 85화 완결 / ,BL,"잊지 마, 내가 황자를 없애야 한다는 사실을…' 천년을 살아온 요괴를 죽인 영웅은 그 대가로 요괴의 저주를 받게 된다. 그것은 바로, 흉(凶)을 지니고 태어난 자손에 의해 가문의 씨가 마르게 될 거라는 저주였다. 그 이후, 수많은 자손 중 흉을 지닌 아이만 죽여 애써 평화를 누렸으나, 기어코 이번 대에는 흉을 지닌 채 태어난 황자만이 유일한 자손이었다. 다음 자손이 태어나기까지 저주받은 황자는 죽일 수 없는 노릇… 황자를 감시하기 위해 궁으로 들어간 '나라'는 황자 '타사라'와 마주한다. 황자의 자리를 대신할 자가 태어나면 즉시 죽여야만 하건만, 나라는 타사라의 곁에서 흔들리기만 하는데…"
205,구름을 비추는 새벽,글 / 버프찌 / 그림 / 지연 / 원작 / 5月돼지 / 87화 완결 / ,로맨스,"나의 어둠을 밝히는 너, ""청조야, 나를 이리 홀로 두고 도대체 너는 지금 어디에 있는 것이냐."" 연이은 흉년, 하루 끼니조차 해결하기 쉽지 않은 청조에게 정체를 알 수 없는 중년의 사내가 찾아와 첩의 자리를 주선한다. 어머니의 약값과 아우들의 생계를 위해 결심을 한 청조는 낯선 사내를 따라 깊은 산으로 들어가고, 그곳에서 앞으로 함께 할 서방님을 만나지만... 온통 비밀투성이에 검은 복면을 쓰고 살아가는 사내, 도운은 청조를 멸시하고 능욕한다."
206,블렌드.S,글/그림 / 나카야마 미유키 / 56화 완결 / ,판타지,"츤데레, 여동생 등 스태프의 다양한 ‘속성’을 즐길 수 있는 카페에서 점장이 신입 아르바이트생 마이카에게 요구한건…?! 마이카는 열심히 일하는 동안 의외의 재능을 꽃피우는데…. 밟혔다고 모두 포상! 도착적 워킹코미디 4컷 만화!"
207,묵검향 영웅귀환 컬렉션,글/그림 / 묵검향 / 424화 완결 / ,무협,"각성하라! 포효하라! 700년 묵은 잠룡의 귀환! 수록작품 1. 비룡잠호 1,2부 2. 신표일검향 3. 아비도 4. 왕도무문 1,2부"
208,스킬라 [개정판],글/그림 / / 화 완결 / ,로판,신화가 되어버린 이야기가 있다. 신들이 다스리던 시대의 이야기…. 아름다운 미남자였던 어부 글라우쿠스는 바다를 사랑하는 마음에 바다 색깔의 머리와 인어와 같은 몸을 얻고 스킬라라는 요정에게 사랑에 빠진다. 그녀의 사랑을 얻기 위해 마녀 키르케를 찾아가지만 오히려 키르케가 글라우쿠스를 사랑하여 스킬라에 대한 분노로 그녀를 괴물의 모습으로 바꾸어 버렸다. 괴물로 변해버린 자신의 모습에 공포를 느낀 스킬라는 이탈리아와 시칠리아를 갈라놓는 해협에 몸을 던져 버렸다. 그리고 현재의 이탈리아. 팔레르모에 사는 프로시의 집에 바다색 머리카락을 가진 나체의 남자가 실려 왔다.
209,잎새의 달,글/그림 / 마르 / 105화 완결 / ,드라마,"주인공 ‘잎새’는 혼기가 오자마자 아버지의 계략으로 매매혼을 당한다. 소문만이 무성한 대저택, 아무런 정보 없이 도착한 그곳에 가마를 내리자 의외로 멀끔한 모습의 신랑감이 ‘잎새’ 앞에 나타난다. 정혼자 ‘상현’은 잎새에게 묘하게 친절하게 대하고. 친절한 ‘상현’의 환대에 잎새는 이런 식이라면 결혼도 그렇게 나쁘지만은 않겠다고 생각한다. 그러던 중 갑자기 저택에서 살인사건이 발생하는데…"
210,신풍괴도 잔느 애장판,글/그림 / 타네무라 아리나 / 67화 완결 / ,로맨스,"세기말, 아름다운 그림만을 노리는 작은 소녀 도둑이 세상을 떠들썩하게 만들고 있었다. 이 괴도 잔느의 정체는 평범한 여고생 쿠사카베 마론. 거침없이 화려하게 자신을 일을 해내가던 잔느였지만, 어느 날, 괴도 신드바드라는 수수께끼의 인물에게 도전을 받는데?!"
