,id,title,author,genre,story
0,0,참교육,글 / 채용택 / 그림 / 한가람 / 월요웹툰 / ,#액션 #블루스트링 #사이다 #학원물 #먼치킨 #다크히어로,무너진 교권을 지키기 위해 교권보호국 소속 나화진의 참교육이 시작된다! <부활남> 채용택 작가 X <신석기녀> 한가람 작가의 신작!
1,1,뷰티풀 군바리,글 / 설이 / 그림 / 윤성원 / 월요웹툰 / ,#드라마 #직업드라마 #밀리터리,'여자도 군대에 간다면?'본격 여자도 군대 가는 만화!
2,2,신의 탑,글/그림 / SIU / 월요웹툰 / ,#판타지 #세계관 #이능력배틀물 #소년왕도물 #먼치킨,자신의 모든 것이었던 소녀를 쫓아 탑에 들어온 소년 그리고 그런 소년을 시험하는 탑
3,3,똑 닮은 딸,글/그림 / 이담 / 월요웹툰 / ,#스릴러 #2020 지상최대공모전 #서스펜스,"'우리 엄마가 살인마인 것 같다.'  성적 우수, 품행 단정, 모범적인 자식인 길소명은 엄마가 요구하는 기준에 맞춰 완벽한 딸로 살아왔다. 그러나 남동생이 강물에서 시체로 떠오른 그 날, 소명의 머릿속엔 섬뜩한 의혹이 피어오른다. 자식의 인생에 방해되는 모든 것을 없애려는 엄마와 그녀에게서 벗어나려는 딸, 두 사람의 잔혹한 모녀 스릴러! 2020 지상최대공모전 2기 우수상 수상작."
4,4,백수세끼,글/그림 / 치즈 / 월요웹툰 / ,#드라마 #음식&요리 #감성드라마,백수 시절 내 곁을 지켜줬던 그녀... 돌아와 주면 안 되겠니? 음식 메뉴마다 담겨 있는 우리들의 연애 흑역사!
5,5,퀘스트지상주의,글/그림 / 박태준 만화회사 / 월요웹툰 / ,#드라마 #게임판타지 #학원물,"[외모지상주의], [싸움독학], [인생존망]과 세계관을 공유하는 작품! 공부, 싸움, 외모. 뭐 하나 잘난 것 없는 평범한 고등학생 ‘김수현’의 눈앞에 갑자기 퀘스트창이 나타났다! 첫 번째 퀘스트, [엄마한테 사과하기]를 완료한 수현은 보상으로 키가 3cm 커지게 되는데! 퀘스트 엄청 쉽잖아?! 어떤 퀘스트든 완료해주마! 그런데 다음 퀘스트가? [system] 학교 일진녀와 키스하십시오"
6,6,장씨세가 호위무사,글/그림 / 김인호 / 원작 / 조형근 / 월요웹툰 / ,#무협/사극 #사이다 #힘숨찐 #판무 #먼치킨 #소설원작,‘당신이 부른 것이오. 나란 사람을... ’ 은둔고수 광휘. 호위무사 되다. 웹소설 원작 웰메이드 무협 시대극!
7,7,윈드브레이커,글/그림 / 조용석 / 월요웹툰 / ,#스포츠 #스포츠성장,혼자서 자전거를 즐겨타던 모범생 조자현. 원치 않게 자전거 크루의 일에 자꾸 휘말리게 되는데... 자유를 꿈꾸는 청춘들의 스트릿라이딩 드라마!
8,8,소녀의 세계,글/그림 / 모랑지 / 월요웹툰 / ,#드라마 #하이틴 #학원로맨스 #직진남 #삼각관계 #까칠남 #감성드라마,완벽해 보이지만 사실 외로웠던 백조들과 맘씨 착한 오리가 만나 여러 갈등을 함께 겪으며 진짜 친구가 되어가는 소녀들의 찐 우정물
9,9,신화급 귀속 아이템을 손에 넣었다,글/원작 / 정선율 / 그림 / 헤스 / 월요웹툰 / ,#판타지 #아포칼립스 #사이다 #게임판타지 #회귀 #헌터물 #소년왕도물 #먼치킨,"D급 무투계 레이더로 마법계 레이더들의 고기방패나 하며 별 볼 일 없이 살던 재현.  그러던 어느 날, 던전에서 우연히 ""오딘의 눈"" 이라는 최강의 귀속 아이템을 얻게 됐다. 신의 눈을 가진 자, 세계를 구할 신의 대적자의 운명을 개척하라!"
10,10,별난식당,글/그림 / HO9 / 월요웹툰 / ,#드라마 #지금추천작 #힐링 #직업드라마 #음식&요리 #성장드라마,"<요리GO>의 새로운 이야기,<별난식당>. 특급호텔에서 최연소 팀장에 오르며 승승장구하던 주인공 한별은 퇴사를 하고 작은 식당을 차린다. 그 식당의 이름은 '별난식당'.  별난식당은 상권이라고는 찾아볼 수 없는, 서울에서 제일 가난한 동네인 부자동에 위치해 있다. 또한 메뉴도 별나다. 바로 메뉴가 없기 때문이다. 메뉴가 없이 한별 셰프가 그때그때 제철 식재료를 이용해 요리를 만드는 식당이다.  이 식당의 특별한 점은 요리를 먹는 손님이 마음까지 위로 받는다는 것. 한별 셰프는 대체 어떠한 방법으로 마음의 상처가 있는 많은 손님들을 요리로 치유하는 것일까?"
11,11,절대검감,글 / 김두루미 / 그림 / 티아이 / 원작 / 한중월야 / 월요웹툰 / ,#무협/사극 #환골탈태 #소설원작,"단전이 부숴졌다는 이유로 집에서는 내놓은 자식 취급을 받던 소운휘는 혈교에 납치되어서도 삼류 첩자로 살아왔다. 어느 날, 전설로만 알려진 검선비록을 찾는데 이용당하다 죽은 운휘는 10년 전, 혈교에 납치되던 그 날로 돌아가게 되고 검의 목소리를 듣는 신비한 능력을 얻는다."
12,12,퍼니게임,글/그림 / 배진수 / 월요웹툰 / ,#스릴러,"<머니게임>,<파이게임> 에서 실패를 맛본 주인공은, 마지막 <퍼니게임>에서 우승하기 위해 신체를 단련하고 정신을 다잡는다. 모든 참가자 중 본인만이 유일한 게임 경험자임을 확인한 주인공은, 승리를 위해 악마가 되기로 결심한다."
13,13,만렙돌파,글 / 성불예정 / ,#판타지 #고인물 #게임판타지 #먼치킨,"알 수 없는 오류로 3000년간 각성 테스트에 갇힌 김기봉. 그 사이 현실에선 10년이 흘렀고, 온 세상은 몬스터와 던전으로 가득차게 되었다.  만렙으로 귀환한 김기봉의 모든 것을 원래대로 돌려놓기 위한 싸움이 시작된다!"
14,14,꼬리잡기,글/그림 / 바쉬 / 월요웹툰 / ,#스릴러 #범죄 #서바이벌 #2020 지상최대공모전 #서스펜스 #두뇌싸움,"건물붕괴 사고로 매몰된 9명의 대학생. 2주 뒤, 3명은 사망하고 1명은 의식불명인 상태로 발견된다. 가까스로 구조된 생존자 5명은 그곳에서 있었던 일을 숨기려 하는데... 생존자인 척 숨어있던 살인자에 대한 정황이 드러나기 시작한다. 수사팀은 이 밀실살인 사건의 처음과 끝을 파헤치게 된다. 2020 지상최대공모전 1기 대상 수상작."
15,15,잔불의 기사,글/그림 / 환댕 / 월요웹툰 / ,#판타지 #세계관 #판무 #복수극,"유일한 가족이자, 최고의 기사 유망주였던 쌍둥이 동생이 살해당했다. 천재적이었던 동생과는 달리 무예에 재능이 전혀 없지만, 동생의 복수를 위해 '강함'을 연기하기로 결심했다. 약해빠진 나는 복수에 성공할 수 있을까."
16,16,나 없는 단톡방,글/그림 / 봉수 / 월요웹툰 / ,#드라마 #요즘핫한추천작 #학원물,"여고생 안효인은 학교에서 친구들과 잘 지내는 편이었다. 학급 내에서는 분위기 파악도 할 줄 알고 때에 따라 친구들을 적당히 웃기기도 했다.  덕분에 그녀를 적대적으로 대하는 친구들은 거의 없었다. 그러나 어느 날 부터 효인은 영문도 모른 채 묘한 따돌림을 당하기 시작한다.  스마트 폰을 뒤늦게 산 탓 때문일까. 심지어 효인만 없는 단톡방의 존재까지 알게 된다.   ""내가... 뭘... 잘못한 거지?"""
17,17,순정말고 순종,글/그림 / 슈안 / 월요웹툰 / ,#로맨스 #로맨스코미디 #연예계 #삼각관계,하루에 무려 쓰리잡.  스물 다섯 지언의 일과 끝에 남는 건 갑질에 시달린 스트레스와 돼지우리같은 집구석 뿐이다.  그러다 어느날 얻게 된 인형 한 개. 이것만 있으면 대한민국의 탑 배우 남도윤을 가정부로 부려먹을 수있다...?! 2017 최강자전 대상 수상작 <늑대와 빨간모자> 슈안 작가의 차기작!
18,18,리턴 투 플레이어,글 / 신성 / 그림 / 세혼 / 원작 / 인덱스 / 월요웹툰 / ,#판타지 #아포칼립스 #게임판타지 #회귀 #소년왕도물 #먼치킨 #소설원작,"어느 날, 게임이 되어버린 세상. 갑자기 나타난 몬스터들이 사람들을 죽이고, 사람들은 플레이어가 되어 퀘스트를 달성해야 한다! 인류의 종말에서 회귀한 2회차 플레이어, 김세한. 그는 과연 세상을 이렇게 만든 '시스템'을 쳐부술 수 있을까!"
19,19,물어보는 사이,글/그림 / 성은 / 월요웹툰 / ,#로맨스 #아이돌 #계약연애 #직진남 #인외존재 #연예계 #삼각관계 #뱀파이어,"뱀파이어에게 물리면 건강해진다?! 두통으로 의도치 않게 비호감 연예인이 된 이채이. 우연히 톱스타인 서이준이 뱀파이어이고, 그에게 물리면 한동안 건강해진다는 걸 알게 된다. 물어달라 부탁하는 채이에게 이준은 계약 연애를 제안하는데..."
20,20,히어로메이커,글/그림 / 빤쓰 / 월요웹툰 / ,#판타지 #히어로,왕은 영웅이 되고 싶어하는 공주의 소원을 들어주기로 전격 결심! 공주를 속이고 마치 영웅이 된 것처럼 만들기 위해 온 나라가 연극을 하게 되는데..파란만장한 그들만의 눈물겨운 영웅만들기의 대장정이 펼쳐집니다~
21,21,신군,글/그림 / 규남 / 월요웹툰 / ,#액션 #소년왕도물,악마에게 모든 걸 잃고 먹이로 사육당하는 소년. 이를 갈며 복수를 갈망하지만 인간의 힘은 악마에게 닿지 못했다. 그때 그의 앞에 신군이 나타난다. 2020 지상최대공모전 2기 장려상 수상작!
22,22,파견체,글/그림 / 곽백수 / 월요웹툰 / ,#판타지 #sf #인외존재,'단 하나의 지성이 온 우주의 종말을 가져올 수 있다.'  빅뱅 38억년 한 지성체의 폭주로 우주 종말의 위기를 겪은 우주의 지성체들은 '전우주관리국'이란 연합기구를 만들어 우주 전체의 지성체들을 감시 통제하고 있다.  이미 지구도 300만년 전부터  인간을 복제한 '파견체'들이란 존재들을 통해 비밀리에 감시를 받아오고 있었는데....
23,23,천재 타자가 강속구를 숨김,글 / 황지성 / 그림 / 스튜디오MW / 원작 / 이블라인 / 월요웹툰 / ,#스포츠 #야구 #소설원작,"부와 명예, 모든 걸 얻은 천재 메이저리거 강건우. 그런 그조차도 아내와의 행복한 결혼 생활만큼은 이어갈 수 없었다. 아내의 빈자리를 느끼며 후회하던 그가 신비한 반지의 힘으로 과거에 돌아왔다. 풋풋한 연애시절의 고등학생이 된 그는 이번에야말로 사랑을 쟁취할 수 있을까."
24,24,루루라라 우리네 인생,"글/그림 / 현이씨 / 월, 목 연재 / ",#일상 #무해한,시간이 지나면 자연스레 성숙한 으른(?)이 되어 있을 줄 알았는데 그저 술과 음란한 이야기를 좋아하는 알딸딸한 어른이 되어버렸다.    어느날 귀농을 결심한 부모님을 따라  어쩌다보니 시골과 도시를 오가게 된 현이씨의 인생 제 2막 시작!
25,25,칼가는 소녀,글/그림 / 오리 / 월요웹툰 / ,#드라마 #최강자전 #2018 최강자전 #성장드라마 #걸크러시 #감성드라마,치사율 100%의 인싸 희귀병 소녀 '사랑' 누구보다 차분하고 두려움 없는 같은 반 소녀 '은조' 두 소녀가 가슴 속 칼을 품고 세상을 향한 복수를 꿈꾼다. 네이버웹툰 최강자전 18년 대표작.
26,26,결혼생활 그림일기,글/그림 / 은꼼지 / 월요웹툰 / ,#일상,고르고 골라 결혼했더니 매일매일 우당탕탕?! 결혼생활이란 무엇인가? 조용할 날 없는 결혼생활을 날 것 그대로 그렸다. 모자르고 부족했던 두 짐승이 만나 그려가는 결혼생활 그림일기!
27,27,더블클릭,글 / 박수봉 / ,#액션 #게임판타지 #스포츠성장,악명 높은 난이도를 가진 게임의 세계 랭킹 1위였던 지호. 서비스 종료된 줄만 알았던 그 게임이 새롭게 돌아왔다! 지호는 다시 한번 랭킹 1위를 꿈꾸며 게임 동아리에 입부한다. 오랜만에 게임을 해도 살아있는 감각. 하지만 게임이 새롭게 변하면서 예상치 못한 약점이 생긴다. 강한 상대를 마주할수록 열정이 끓어오르는 주인공의 프로게이머 도전기!
28,28,컨트롤X,글 / 사이렌 / 그림 / 서클 / 월요웹툰 / ,#로맨스 #2022 지상최대공모전 #전남친 #연예계 #걸크러시,"10년 사귄 전남친 '다니엘'이 절친 '올리비아'와 결혼했다. 그것도 내 생일인 크리스마스에!!!! 세계적인 싱어송라이터 '크리스'는 다니엘과 올리비아의 결혼식에 깜짝 방문해 그곳을 콘서트장으로 만들며 보기좋게 복수한다.  하지만 다음날 아침, 크리스는 충격적인 소식을 접하게 된다.  크리스는 과연 잃어버린 사랑, 우정, 명성을 모두 되찾을 수 있을까?"
29,29,ㅋㅋ단편.zip,"글/그림 / 네이버웹툰 작가 / 월, 목 연재 / ",#개그,"가볍고! 웃기고! 신선한! 단편들이 왔다! 신인, 기성 작가님들이 함께하는 릴레이 연재! 허전한 일상을 강렬하게 채워줄  상상 이상의 단편이 매주 공개됩니다."
30,30,"앵무살수
휴재",글/그림 / 김성진 / 월요웹툰 / ,#판타지 #판무,평범한 뱃사공으로 살고 있는 노소하.  하지만 그의 정체는 전설적인 구파검법의 후계자다.  이제 진시황이 남긴 비서 선근경을 향한 살수행이 시작된다.
31,31,인섹터,글/그림 / 마카빔 / 월요웹툰 / ,#판타지 #힘숨찐 #이능력배틀물 #다크히어로,"어느 날 학교에서 담임교사가 <공벌레 인섹터 내라해치>가 되어  반 아이들을 무차별적으로 살해한 사건이 벌어진다.  그때 나타난 검은 개미, 그는 반 아이들을 구하게 되고 이 사건을 시작으로  언론과 SNS로 퍼져 인섹터의 존재는 더 이상 도시 괴담 수준의 이야기가 아니게 된다.  결국, 정부는 비밀리에 임무를 수행하던 인섹터 퇴치반 버그리퍼를 내세우고 생존자의 증언에 따라 검은 개미를 뒤쫓게 되는데, 검은 개미의 정체는 몸속에 개미 집이 지어진 채 살아가는 평범한 학생 가미성.  그저 몸속 개미들에게 먹히지 않기 위해 인섹터의 대항마로 변신하여 내키지 않는 싸움을 한다."
32,32,서브 남주가 파업하면 생기는 일,글 / 쓰레빠인간 / 그림 / 해그늘 / 원작 / 숙임 / 월요웹툰 / ,#판타지 #로판 #소설원작,"평범한 한국인 ‘정예서’, 동생이 읽고 있던 대한민국을 휩쓴  초메가히트 로맨스 판타지 소설 ‘퇴사했더니 이계 공녀’에 서브남주로 빙의한다. 이 서브남주, 훗날 전쟁에 나가 메인 남주 대신 죽을 운명이잖아? 여기서 죽을 수는 없어! 내 목표는 단 하나, 주인공들 근처엔 얼씬도 하지 말고,  건강하게 버티다가 집으로 돌아가기다. 잠깐? 피하려던 메인 남주 세드리크와 메인 여주 크리스텔이 계속 다가온다? 로맨스는 너희 둘이 하면 되잖아! 나는 판타지만 조금 빌려쓴다니까?"
33,33,오빠집이 비어서,글/그림 / 이서희 / 원작 / 태소영 / 월요웹툰 / ,#로맨스 #계약연애 #연예계 #소설원작,"새엄마와 맞장 뜨고 집을 나온 재벌 3세 차은명. 세상 딱 한 명인 친구 희영에게 신세를 질 수 없게 되자,  어쩔 수 없이 희영의 둘째 오빠가 잠시 비워둔 집에 머물게 된다.  그렇게 한 달 뒤, 은명은 샤워를 하고 나오던 중  예고도 없이 집으로 돌아온 희영의 둘째 오빠를 대면하게 되고...  그런데 그 오빠의 정체가 바로바로 대한민국 탑 스타 영화배우 ‘제준영'이라고?!"
34,34,꿈의 기업,글/그림 / 문지현 / 월요웹툰 / ,#스릴러 #아포칼립스 #sf,문명을 지배하는 거대기업과 거대기업을 움직이는 인공지능. 그 인공지능이 꿈을 꾸기 시작했다. 엄청난 경쟁률을 뚫고 대기업 드림코퍼레이션에 입사한 꿈사원들. 그들 앞에 의심스러운 일들이 펼쳐지는데..!
35,35,악녀교실,글/그림 / 즛호 / 월요웹툰 / ,#드라마 #사이다 #학원물 #복수극,"같은 반 여자애에게 약점을 잡혀 괴롭힘 당하는 고등학생 '허정우'. 피폐한 나날을 보내던 정우의 반에 전학생 '한보라'가 온다. 까만 생머리와 다리에 얼룩을 가진 그 아이를 보고 정우는 강한 기시감을 느낀다. 아니나다를까, 시비 거는 반 아이들을 제압한 한보라는 그들에게 묻는다. '나랑 비슷한 애 본 적 있어?' 어쩌면 꼬인 것을 바로잡아줄 보라에게 정우는 접근하기로 하는데..."
36,36,쥴리에타의 드레스 업,글 / 말차 / 그림 / 유자차 / 원작 / 채하빈 / 월요웹툰 / ,#로맨스 #소설원작,"""모습을 감춰야 해!""  고위 귀족의 사생아로 본부인에게 내쳐져 5살 때부터 극장 소품실에서 자라난 쥴리에타. 그 안에는 빙의된 한국인 여자 예나가 존재했다.  뛰어난 외모는 고아가 된 자신에게 독이 될 것을 알게 된 쥴리에타는 얼굴을 숨기기 위해 커다란 안경과 부스스한 가발로 변장한다.  성인이 되어 극장을 나가고자 하지만 극장주는 지금까지 키워준 빚을 갚으라 독촉하고, 쥴리에타는 인기 초절정인 황자의 시녀가 되어 그 돈을 갚기로 한다.  하지만 특유의 매력은 변장으로도 가릴 수 없는 것. 달라붙는 여자들에게 질린 황자 킬리언의 마음이 이윽고 무덤덤한 시녀에게 닿고 마는데…"
37,37,엘프,글/그림 / 홍작가 / 월요웹툰 / ,#판타지 #세계관,"유원지 관리인 태인에게 자신을 '엘프'라 하는 이상한 손님 제솔이 찾아온다.  그녀는 아버지의 유품을 달라고 하면서 그의 목걸이를 훔쳐 간다.  그때, 태인을 납치(?) 하는 정체불명의 사람들.  그들은 태인이 우리나라의 소수민족 '엘프'이며,  '엘프' 중에서도 신처럼 모셔지는 강산의 후예라며  태인에게 '엘프'가 이주할 수 있게 도와달라 부탁하는데..."
38,38,사이다걸,글 / 김드루 / 그림 / 김그루 / 월요웹툰 / ,#드라마,"어느새 세상은 고구마밭이 되었다. 앞뒤 꽉꽉 막힌 사람, 대화가 통하지 않는 사람, 상식이 통하지 않는 사람이 넘쳐나는 세상… 상처 주기 싫어 참고, 배려하는 사람이 오히려 바보 취급당하는, 무언가 단단히 잘못된 이 세상! 착할 사람일수록 할 말은 하고 살 수 있는 세상을 위해, 청량감 넘치는 히어로 ‘사이다걸’이 신비한 사이다를 들고 찾아온다."
39,39,헬크래프트,글 / 나락 / 그림 / 영기 / 월요웹툰 / ,#판타지 #서스펜스 #두뇌싸움,"세상에 배신당해 방구석으로 도망친 고등학생 염승기. 새로운 지옥의 주인으로 지목된 대악마 바함무르크.  바함무르크는 자신의 지옥 제작자로서 염승기를 선택하고, 지옥 제작의 대가로 염승기에게 수감자를 고를 권리를 준다.  복수를 위해 악마와 손을 잡은 염승기, 그렇게 윈윈의 관계로 끝날 줄 알았는데...  갑자기 시작된 데스게임- 살아남기 위해선 지옥에 보내라!"
40,40,마이너스의 손,글/그림 / 김뎐 / 월요웹툰 / ,#판타지 #최강자전 #2015 최강자전,만지면 모두 부서진다. 마이너스의 오른손을 가진 소년 이야기
41,41,피폐물의 해피엔딩을 위하여,글/그림 / 호 / 월요웹툰 / ,#로맨스 #빙의 #로판 #구원서사,"'나'는 피폐한 남주인공들이 신녀 ‘벨’을 소유하기 위해 수단과 방법을 가리지 않는 배드 엔딩 소설 [여명의 기적] 속으로 빙의했다.  주인공의 행복을 방해하는 걸림돌 로지아나로 환생한 나는 생각한다. ""어쩌면 내가 이 소설의 엔딩을 바꿀 수 있지 않을까?"""
42,42,"북부 공작님을 유혹하겠습니다
휴재",글 / 가천가 / 그림 / 은하수 / 원작 / 주시하 / 월요웹툰 / ,#로맨스 #로판 #소설원작,"“내 애인인 척 사교계에 들어가.” 전 세계에서 주목하는 톱스타, 셀리나는 촬영 중 갑작스러운 사고로 북부 공작의 땅에 차원 이동한다. 마수에게서 목숨을 구해준 북부 공작, 칼시온은 셀리나에게 자신의 애인인 척 사교계에 들어가 정보를 입수하라는 계약을 제시하는데.."
43,43,입술이 예쁜 남자,글/그림 / 고도 / 원작 / 플라비 / 월요웹툰 / ,#로맨스 #소설원작,10년 전 첫키스의 주인공이었던 동생친구가 완벽한 어른남자가 되어 나타났다. 여전히 예쁜 입술로 예쁜 말만 골라 하며 작정한 듯 한비를 홀리기 시작하는데... 이 아슬아슬한 줄타기는 누구의 승리로 끝나게 될까?
44,44,라서드,글/그림 / 감람 / 월요웹툰 / ,#판타지,"절대적 권능을 지닌 11인의 왕과, 왕을 수호하기 위한 기사단이 존재하는 세계. 수습기사 힌타는 파트너 캐넛과 함께 정식 기사가 되기 위한 모험을 떠나는데... 정식기사가 되기 위한 소년들의 고군분투 정통판타지액션!"
45,45,하루의 하루,글/그림 / 김이랑 / 월요웹툰 / ,#드라마,"오하루는 다른 사람의 마음을 읽을 수 있는 초능력자다. 얼마 전, 저주 받은 능력 때문에 첫사랑도 허무하게 깨져버리고 건조한 일상을 보내고 있던 하루에게 최근 신경쓰이는 사람이 생겼다.  그 사람은 바로, 같은 과 동기인 도하루. 그녀의 마음은 도무지 보이지 않는다. 이건 혹시.. 운명..?"
46,46,퇴근 후에 만나요,글 / 박한나 / 그림 / 햄친 / 원작 / 로즈빈 / 월요웹툰 / ,#로맨스 #2030연애 #로맨스코미디 #전남친 #오피스로맨스 #사내연애 #소설원작,"2억짜리 영혼결혼식, 그 한 가운데에서 전남친을 마주쳤다?!  빚을 갚기 위해 죽은 남자와 결혼하게 된 정채원은 결혼까지 생각했던 전 남자친구 한성준의 회사에 취직한다.  ""잊지 마세요. 3년 동안은 절대 남자를 만나선 안 됩니다.""  유부녀 코스프레를 들키지 않으려는 여자와, 그 비밀을 밝혀내려는 남자. 두 사람의 창과 방패의 대결이 시작된다!"
47,47,랭커,글 / 신건 / 그림 / taibogi / 월요웹툰 / ,#액션 #성장물 #서바이벌 #격투기 #소년왕도물,"극비리로 진행되는 멤버쉽 온라인 게임 <랭커>.  우연히 랭커에 뛰어든 격투기선수 강준서. 어느 순간부터 상대가 괴물로 보였던 준서는 자신의 플레이어인 정준의 목소리를 통해서 안정을 되찾고, 정준과 함께하면서 증세를 치료하고자 마음먹는다.  하지만 랭커에는 목숨을 걸어야 하는 퀘스트뿐 아니라, 캐릭터끼리 벌이는 배틀과 사냥의 위협까지 도사리고 있다."
48,48,아슈타르테,글/그림 / SOON / 원작 / 안다온 / 월요웹툰 / ,#로맨스 #로판 #소설원작,"무한한 영광을 가져다줄 피렌체 제국의 빛,아슈타르테. 하지만 음모로 인해 예언은 뒤틀리고... 아슈타르테가 어둠으로 알려지게 되면서 모두가 그녀를 외면한다. 가족들의 사랑을 꿈꾸던 어린아이에서 점점 강인한 소녀로 자라는 '아슈타르테'의 성장기."
49,49,도깨비 부른다,글/그림 / WEBANGSANG / 월요웹툰 / ,#판타지,"국내 최대 마약상 <귀사회> 귀사회를 중심으로 다섯 명의 아이들이 모이게 된다. 그들은 각자 다른 목적을 위해 귀사회의 돈을 노리게 되지만, 결국 잔혹한 진실을 마주하며 세상을 구하려 한다."
50,50,악당과 악당이 만나면,글 / 삵 / 그림 / 쏘가리 / 원작 / 임하얌 / 월요웹툰 / ,#로맨스 #계략여주 #직진남 #로판 #걸크러시 #소설원작,"귀족들을 상대로 악명을 떨치던 제국 뒷세계 조직의 보스, 아탈란테.  어느 날 황제로부터 폭군 리오넬 비안크 대공을 암살해 달라는 의뢰를 받게 된다. 조직원들과 평범하게 살고 싶었던 아탈란테는 의뢰를 수락하고  대공성에 잠입해 암살 시도하는데…. 하지만 어째서인지 죽지 않아? 한순간에 사랑을 속삭이는 대공에게서 아탈란테는 무사히 탈출할 수 있을까?"
51,51,매지컬 급식:암살법사,글/그림 / 웡웡이 / 월요웹툰 / ,#판타지 #학원물 #이능력배틀물,"온갖 ‘빌런’들로 가득한 현대사회, 이 어지러운 세상에 정의를 실현하고자 신이 강림했다. 그의 정의를 실현 할 용사는 바로… 마법소녀?? 어쨌든 빌런을 퇴치하고자 마법소녀가 나타났다! 성능 확실한 마법소녀의 빌런 퇴치기!"
52,52,지옥연애환담,글/원작 / 황도톨 / 그림 / 당첨 / ,#로맨스 #로판 #까칠남 #소설원작,갑작스러운 실직과 이별에도 아플 새도 없이 일자리를 알아보는 대한민국의 K-장녀. 어느 날 우연히 '더 헬'이라는 회사의 공고를 발견하고 얼떨결에 취업까지 성공하게 된다. 그러나 그 곳은 냉미남 염라가 다스리는 진짜 지옥이었다.
53,53,최후의 금빛아이,글 / 알깨 / 그림 / 새몽 / 월요웹툰 / ,#판타지 #이세계 #성장드라마,"언니의 생일날, 이 세계를 지배하는 신에 의해 모든 것을 잃은 소녀 록시. 자신이 신들의 먹이에 불과하다는 충격적인 진실을 알게 된다. 록시는 심장만 있으면 언니를 되살릴 수 있다는 말을 믿고 험난한 여행을 떠난다. 그러나 곧 그녀를 뒤쫓는 자들과 감당할 수 없는 적들이 나타나는데... 록시는 앞을 막아서는 그들을 물리치고 과연 언니를 되살릴 수 있을까?"
54,54,백호랑,글/그림 / 박혬 / 월요웹툰 / ,#판타지,모든 것이 완벽해 보이는 지룡은 비밀스런 동거 중! 사촌동생이자 고양이이자 수호자인 소년은 바로 서쪽의 신수 백호였다! 과거의 죄를 씻기 위해 인간계에서 하늘의 심부름을 수행인 백호랑과  그에게 엮인 지룡의 스펙타클한 일상
55,55,원하나,글/그림 / 비진 / 월요웹툰 / ,#드라마 #2021 최강자전,"‘하나를 위해 하나로 살기 시작했다.’  연약한 몸을 가진 원이와 아역 배우인 하나. 둘은 쌍둥이다. 같이 살게 되면서 본 하나의 삶은 원이가 상상했던 모습과 전혀 달랐고, 하나는 도리어 평범한 생활을 꿈꾼다.  그러던 어느 날 둘은 뒤바뀐 삶을 살게 되는데…  “네가 원하던 삶, 내가 만들어줄게.”"
56,56,영앤리치가 아니야!,글/그림 / 최삡뺩 / 월요웹툰 / ,#개그 #재벌,"<공대생 너무만화> 최삡뺩 작가의 개그로맨스 신작!  모든 게 완벽한 퍼렁식품 CEO의 아들 서민준. 어른들과 친구들에게는 인기 폭발이지만, 여자친구를 사귀어 본 적 없는 모태솔로다. 민준은 같은 학교 여학생 새영에게 반하게 되는데, 새영의 이상형은 흙수저이지만 노력하는 사람이고, 자기보다 잘난 남자를 매우 싫어한다고? 사랑을 얻기 위해 영앤리치를 숨겨야하는 민준이의 첫 연애 도전기!"
57,57,오늘의 비너스,글 / 엄세윤 / 그림 / 도달 / 월요웹툰 / ,#로맨스 #환골탈태 #2021 지상최대공모전 #친구>연인 #연예계,"“평범했던 내가... 오늘부터 세상에서 가장 아름답다고? 그런데, 그 기준은 누가 정하는 거지?“ 뛰어난 연기력에도 평범한 외모 때문에 늘 오디션에서 탈락하던 배우 지망생 ‘강하나’. 그러던 어느 날, ‘외모가 곧 능력’ 이라는 세계적인 뷰티기업 <에스그룹>에서 그녀에게 스카웃 제의가 온다. 그리고 하나는 곧 엄청난 비밀을 알게 되는데...? 2021 지상최대공모전 1기 우수상 수상작."
58,58,굿바이 유교보이,글/그림 / 아실 / 월요웹툰 / ,#로맨스 #계략여주 #2030연애 #계약연애 #직진남 #삼각관계,"실시간 연애 리얼리티쇼 '러브밤' !  10일 촬영에 출연료 1억이라는 소리에 솔깃한 ‘이제’는 오직 출연료와 자신의 스튜디오 홍보를 위해 프로그램에 참여한다.  한편 찐사랑을 꿈꾸는 유교보이 ‘헌도’는 ‘이제’에게 거부하기 힘든 달콤한 제안을 하고,  모종의 계약 관계로 엮인 둘은 물고 빨고 빼고 다 하는(?) 계약연애를 시작하는데…  과연 이들은 '러브밤'에서 살아남을 수 있을까?!!!  유교보이 ‘헌도’ X 진보걸 ‘이제’의 대국민 사기 애정행각이 펼쳐진다!"
59,59,주작연애,글/그림 / 우까 / 월요웹툰 / ,#로맨스 #고자극로맨스 #최강자전 #혐관로맨스 #하이틴 #학원로맨스,"""야야 저기 니 여친 지나간다ㅋㅋ"" ""뭐?죽을래?"" 공부말고는 잘하는 것 하나 없는 이세경. 같은 학교 아이들에게 늘 저런식으로 괴롭힘 당한다. 그런 그녀가 학교만 나가면 인싸녀 그 자체?! 학교와의 정반대의 모습에 모두가 알아보지 못하고 심지어 성인 남자들도 그녀가 고딩인줄 모르고 세경에게 만나달라고 애걸복걸하는데. 사람들을 속이며 재미 좀 보려는데 뭐야, 저건? 하필 걸려도 같은 반의 앙숙인, 하선우한테 정체를 들키는데?! 어른도 아닌, 그렇다고 아이도 아닌 청소년들의 방황,사랑,청춘. 달콤매콤 톡톡쏘는 사춘기 로맨스가 시작된다!"
60,60,너를 돌려차는 방법,글/그림 / 한성만 / 월요웹툰 / ,#로맨스 #동아리 #소꿉친구 #로맨스코미디 #힐링 #혐관로맨스 #학원로맨스,"관심 멈춰! 혼자가 제일 좋은 은신만렙 은솔. 조용한 고등학교 생활을 꿈꿨는데... 인기짱 선배, 지수 때문에 다 망했다! 엮였다 하면 파국인 환장듀오, 태권도부까지 함께하게 되다?! 청춘 그잡채! 우당탕탕 첫사랑 로맨스♥︎"
61,61,고백어택,글/그림 / 늠개 / 월요웹툰 / ,#로맨스 #짝사랑 #학원로맨스,"하나는 언제나 2등이었다. 늘 1등을 하는 한건우 때문에! 속을 알 수 없는 건우를 무너뜨리기 위해 수단과 방법을 가리지 않던 하나. 이번에는 가짜 고백으로 멘탈을 흔들려 했는데... 어라, 얘 이 고백 왜 받지? 뭐... 내가 좋다고?!"
62,62,어쌔신 크리드 - 잊혀진 사원,글 / 샤이아탄 / ,#판타지 #레드아이스 스튜디오 #게임판타지,"잃어버린 사원의 전설에 대한 단서를 얻은 에드워드 켄웨이. 이번엔 해적이 아닌 암살단원으로서 다시 바다로 향한다. ""내가 에드워드 켄웨이라고? 이게 무슨 일이지...?"" 그리고 애니머스를 통해 머나먼 조상 에드워드 켄웨이의 기억을 따라가는 김노아. 18세기 동남아 남중국해 무대에서 <어쌔신 크리드 IV: 블랙 플래그>의 후속편이 시작된다!  ""템플러들이 발견하기 전에, 내가 먼저 찾아주지."""
63,63,"집사, 주세요!",글/그림 / 꾀돌이 / 월요웹툰 / ,#로맨스 #로맨스코미디 #4차원 #하이틴 #학원로맨스 #역하렘,"왕따인 내가 서열1위 존잘남을 내 집사로...?! 학교에선 왕따, 집에선 재벌 아가씨인 '백마리'. 학교에선 서열 1위, 집에선 마리의 집사인 '천하다'. 천방지축 왕따 아가씨를 어떻게든 학교의 퀸으로 만들어야 한다!! 정반대인 소년소녀의 서열반전 로맨스. <저세상 클라스!> 꾀돌이 작가의 신작"
64,64,슈퍼스타 천대리,글 / Do8 / 그림 / 이재국 / 원작 / 박경원 / 월요웹툰 / ,#감성 #음악 #연예계 #소설원작,"“대한민국 직장인이라면 포기한 꿈 하나 정도는 있잖아요.”  “그래, 누구에게나 그럴듯한 변명이 있지. 슈퍼스타의 아우라를 전수받기 전까지는…”   일은 일대로 하고 업무 성과는 뺏기고,  오늘도 내일도 평범한 직딩 천호연 대리!  어느 날, 마음을 담아 부른 노래가 과거의 슈퍼스타 한지혁을 불러낸다.   “네가 마음에 들었다. 내 아우라를 너에게 전수해 주지.”  “…??!”  “자, 이제 동료를 모아 직장인 밴드 오디션에 도전하자.”  “…??????????!”"
65,65,메리의 불타는 행복회로,글/그림 / 김지수 / 월요웹툰 / ,#드라마,"음침한 여고생 유메리는 엄마의 절친이었던 천혜윤과 그의 아들 천사현과 함께 살고 있다. 외모, 성적, 사교성, 모든 게 완벽한 그야말로 ‘엄마 친구 아들‘인 사현. 사현과 결혼하여 진정한 가족이 되는 것을 꿈꾸는 메리는 과연 사현의 마음을 얻을 수 있을까?"
66,66,세번째 로망스,글/그림 / 문조 / 월요웹툰 / ,#로맨스 #타임슬립 #전남친,"물 흐르듯 평범하게 살아온 연우는 오랜 연인이었던 태주와 헤어지고, 첫사랑이었던 세진을 만난다. 그런데 잊었던 설렘을 느끼기도 전에 갑자기 고등학생으로 돌아가게 되는데…!? 빛났던 첫사랑도, 오랜 연애의 끝도 모두 허무한 것을 알기에 사랑 따위엔 아무런 기대도 하지 않겠어!"
67,67,포스트 팬데믹,글 / 좡좡 / 그림 / 영명 / 원작 / 한산이가 / 월요웹툰 / ,#스릴러 #소설원작,"어느 날, 한국대학교병원으로 실려 왔던 아르스24 변종 의심 환자가 탈출했다. 자신이 담당하고 있던 환자를 놓친 것에 대해 책임감을 느낀 감염내과 교수 정유현은 환자를 수색하는 일에 발 벗고 나서기로 하며, 환자가 마지막으로 목격된 화성시 수락 마을로 향한다. 그리고 그들은 마을 입구에서 무언가와 맞딱뜨리게 되는데..., 2m에 달하는 키, 일반 성인 남성보다 훨씬 거대한 체구, 손에 들린 동물의 시체, 피로 얼룩지고 찢어진 옷, 노인의 얼굴을 하고 있지만 노인으로 보기 힘든 남자의 모습. 수색조는 남자의 모습에 순간 압도당하고 만다. 그리고 정유현은 남자의 기이한 모습과 도망친 환자가 병원에서 보여 줬던 이상 증세가 서로 연관성이 있음을 발견하게 되는데..."
68,68,역주행!,글/그림 / 김현아 / 월요웹툰 / ,#드라마 #아이돌 #아이돌연애 #연예계,"""지금 인기 급상승 1위가 네 영상이라고!"" 직캠 하나로 하루아침에 역주행에 성공한 5년차 무명 아이돌 성준, 그리고 성준과 엮이며 서서히 팬이 되어가는 아윤. 마냥 꿈과 희망만 있진 않은, 한 아이돌과 팬의 이야기! <일진이 사나워> 김현아 작가의 아이돌 드라마 신작."
69,69,토마토가 돼라!,글/그림 / 뮤리 / 월요웹툰 / ,#로맨스,껄렁한 겉모습으로 인해 음험한 소문을 몰고 다니는 시골 토박이 전학생 신이석은 첫눈에 반한 전교 1등 수재 조해주의 앙큼한 비밀을 목격하게 되고... 그에 대한 의문은 점차 눈덩이처럼 불어나기만 한다. 겉만 번지르르 붉고 속은 흰 사과 같은 조해주에게 진성 토마토 신이석의 짝사랑 폭격이 시작된다!
70,70,버그이터,글/그림 / 이륙 / 월요웹툰 / ,#판타지 #2021 지상최대공모전 #게임판타지 #먼치킨,"랭킹 1위 버그 플레이어 '김지한'은 어느 날 의문의 유저에게 캐릭터를 삭제당하고 1레벨이 된다.  '버그 쓰지 말 걸..' 후회하던 그때 찾아온 새로운 기회. ""다시 랭커로 만들어 줄게. 너 같이 버그 쓰는 놈들 때려잡는 방식으로.""  최강 버그 플레이어, 버그 잡는 '버그이터'로 갱생하다!"
71,71,러브 똘츄얼리,글/그림 / 김진경 / 월요웹툰 / ,#로맨스,어제 분명히 나랑 뽀뽀했던 썸남이 오늘은 내 친구의 남친이란다. 하루아침에 사랑과 우정 모두 잃고 왕따가 된 ‘서정’. 설상가상 극혐하는 음침 안경잡이 ‘이담’과 키스까지 하게 되는데…. 그렇게 얼렁뚱땅 시작된 서정과 이담의 똘끼충만 로맨스!
72,72,결혼공략,글/그림 / 율무 / 월요웹툰 / ,#로맨스 #로맨스코미디 #청춘로맨스 #캠퍼스로맨스,"낡고 지친 k-직장인 주인공 하루. 하루는 자신만이 가지고 있는 능력을 활용해 욜로처럼 펑펑 쓰고, 시간을 되돌리는 삶을 살아가고 있는데... 난데없이 나타나 총을 겨눈 의문의 남자로 인해, 모든 것이 처음으로 돌아간다! 어떻게 여기까지 왔는데...! 다시 새내기로 돌아가다니!! 게다가 이 모든 것을 끝내려면... 정해진 결혼 상대를 찾아야만 한다?!  두 플레이어의 우당탕탕 생존 결혼 공략!"
73,73,트러블리걸,글/그림 / 일쩜이 / 월요웹툰 / ,#로맨스,매콤한 연애서바이벌에 출연하게 된 순둥이 하새월. 플러팅과 호의도 구분 못하는 모쏠 새월에게 직진남 n명과의 동거는 어렵기만 하다.  심지어 여기선 모든 게(?) 가능하다고? 꼬리 백개 달린 폭스남녀들 사이에서 살아남을 수 있을까?!
74,74,"파운더
휴재",글 / 임상윤 / 그림 / 만두인 / 월요웹툰 / ,#액션 #범죄,1970년대 각하에 대한 과잉 충성으로 비밀스런 공작대가 운영되었고 이는 정권이 바뀐 1980년대 대한민국 최초의 살인 청부 회사가 설립되는 토대가 된다. 공작대의 에이스 공작원은 처절하게 살아남아 살인청부업 회사의 대표가 되어 회사를 이끌어가게 되는데...
75,75,중독연구소,글/그림 / 김택기 / 월요웹툰 / ,#드라마,"중독 가정에서 자라온 소년, ‘김태림’은 중독 전문병원에 입사를 하게 되면서 자신의 문제를 바라보게 된다. 우리 모두의 중독 이야기, 당신은 무엇에 중독이 되어있나요?"
76,76,트리거,글/그림 / 고경빈 / 월요웹툰 / ,#판타지 #아포칼립스 #인외존재,"수수께끼의 아름다운 식인 생명체 ""아니스""로 인해 멸망 직전에 다다른 인류. 16살 소년 에반은 단짝친구 니카를 만나기 위해 아니스로부터 얻어낸 물질로 초능력을 얻게 된 이들의 부대, 에이블 소대에 입대한다. 그리고 세계가 움직이기 시작한다. 누군가에게는 과거, 누군가에게는 현재, 누군가에게는 미래인 세계가."
77,77,악취해결사,글/그림 / 샘샘 / 월요웹툰 / ,#드라마 #최강자전 #2021 최강자전 #학원물 #성장드라마,"""이 지긋지긋한 마스크...!!"" 태어나서 한 번도 마스크를 벗은 모습으로 나가본 적 없는 김무명. 사람들의 부정적인 감정이 내뿜는 악취를 맡을 수도, 볼 수도 있는 무명이 가장 뒤가 구리다는 소문의 명문 고등학교에 진학하게 된다. 끊임없이 마주하는 악취들과 사건들 사이에서 무명은 앞으로 이 학교에서 잘 버틸 수 있을까?"
78,78,행운을 부탁해!,글/그림 / 해롱 / 월요웹툰 / ,#로맨스 #로맨스코미디 #현실로맨스 #로판,"온갖 불행을 달고 사는 불운의 주인공, '허윤!'  그런 허윤 앞에 나타난 이상하고 아름다운 남자, '앙드레!'  허윤을 자신의 매니저라고 부르는 앙드레의 정체는 바로,  신을 뽑는 오디션 'SHOW ME THE GRACE'의 후보생.  이상하게도 그의 곁에 있으면 잠시나마 행운을 맛볼 수 있다!?  달콤한 제안에 넘어간 불행 인간 허윤과  까다로운 은총 소유자 앙드레의 좌충우돌 계약 동거가 시작된다!"
79,79,오로지 오로라,글/그림 / 홍달 / 월요웹툰 / ,#판타지 #최강자전 #2019 최강자전 #히어로,"“나보고 세상을 구하라고?! 싫어!! 나는 그냥 아이돌이란 말이야!!” 미모 최강, 실력 최강, 재력 최강, 탑 아이돌 오로라! 그녀에겐 한가지 비밀이 있다!? 바로 최강 마법 소녀라는 것.  문제는, 12년 전 한 마법 소녀가 세상을 망친 뒤 마법 소녀의 인식은 최악. 이제 마법 소녀 활동은 불법!  비난과 매장은 기본, 잘못하면 감옥까지 끌려가는 상황.  황금빛 인생을 위해선 이 엄청난 힘을 숨겨야 한다!!  하지만 갑자기 나타난 신비로운 소년 ‘심청’의 등장으로 정체가 탄로 날 위기에 처하는데…."
80,80,"모스크바의 여명
휴재",글/그림 / 이샨오 / 원작 / 황장미 / 월요웹툰 / ,#드라마 #힐링 #소설원작,"21세의 피아니스트 이시윤. 사고로 인해 피아노를 더 이상 칠 수 없게 된 삶을 비관하다 죽음을 택했지만, 알아들을 수 없는 외국어로 얘기하는 갑부 집안에서 소녀 '타티아나'로 눈을 뜬다. 신이 주신 기회인 걸까? 아니면 저주인 걸까? 성별이 바뀐 게 뭐 대수냐! 손만 멀쩡하다면 다시 피아노를 칠 수 있어! 어차피 이렇게 된 거 '타티아나'로서 못다 한 꿈을 이뤄보자!"
81,81,별을 쫓는 소년들,글/그림 / HYBE / 월요웹툰 / ,#판타지 #히어로 #연예계,"용이 부활할 징조가 보이면 세계 멸망을 막을 운명의 다섯 소년들이 나타나 멸망을 되돌리고 평화를 가져온다. 사람들은 그들을 일컬어 ‘별을 쫓는 소년들'이라고 부른다.  마법의 세계.그리고 '마법 아이돌'의 세상. 찬란한 시대 속, 마법 없는 아이돌이었던 스타원은 어느 날 마법 능력을 각성하게 되고, 마법과 함께 수수께끼의 적, '멸룡도가'가 그들을 찾아온다. 비인기 아이돌에서 하루 아침에 '세계를 구할 운명의 소년들'이라는 거대한 사명을 짊어지게 된 소년들은 정해진 운명을 바꿀 수 있을까?  ""너와 함께라면 우린 해낼 수 있어""내 안의 가능성을 발견하는 소년들의 아름답고 절박한 성장담."
82,82,"연애 연기대상
휴재",글 / 김충전 / 그림 / 일공팔 / 월요웹툰 / ,#로맨스 #고자극로맨스 #2030연애 #로맨스코미디 #계약연애 #캠퍼스로맨스,"국내 최고의 예술대학에 다니는 감독 지망생 '지은'.  인지도가 없는 지은은 연기과 수석 '재하'를 캐스팅해 작품도 성공시키고 학교에서 이름도 날리고 싶다.  반면 재하는 지은을 이용해 싫어하는 선배를 치워버리고자 연애 연기를 제안한다.  연기 천재에게 속아가며 학교생활과 연애, 모두 완성하고자 하는 지은.  과연 두마리 토끼를 잡을 수 있을까?"
83,83,김부장,글 / 박태준 만화회사 / 그림 / 정종택 / 화요웹툰 / ,#액션 #사이다 #다크히어로 #먼치킨 #느와르,"“제발 안경 쓴 아저씨는 건들지 말자…” 오직 자신의 딸 '민지'를 위해 특수요원직을 관두고 평범함을 선택한 가장 김부장. 그러던 어느 날 민지가 소리소문 없이 사라지고, 김부장은 자신을 감시하는 국가를 적으로 돌리면서까지 딸을 찾아나서기 시작하는데... [외모지상주의], [싸움독학] 그리고 [인생존망]의 세계관을 잇는 공식 스핀오프 작품!"
84,84,내가 키운 S급들,글 / seri / 그림 / 비완 / 원작 / 근서 / 화요웹툰 / ,#판타지 #회귀 #헌터물 #이능력배틀물 #소년왕도물 #먼치킨 #소설원작,"F급 헌터. 그것도 잘나가는 S급 동생 발목이나 잡는 쓸모없고 찌질한 F급 형. 개판된 인생 대충 살다가 결국 동생 목숨까지 잡아먹고 회귀한 내게 주어진 칭호, '완벽한 양육자'. 그래, 이번에는 나대지 말고 얌전히 잘난놈들 뒷바라지나 해 주자. 라고 생각했는데, S급들이 좀 이상하다."
85,85,마루는 강쥐,글/그림 / 모죠 / 화요웹툰 / ,#개그 #무해한 #햇살캐 #4차원 #동물,"우리 집 강아지 마루가 사람이 되었다, 그것도 5살 아이로! 강아지 + 어린아이의 무한 에너지와 호기심을 지닌 사고뭉치 강쥐 탄생!  마루야~! 또 어디가!!! 유쾌한 이웃들과 우당탕탕 즐거운 마루의 나날들"
86,86,대학원 탈출일지,"글/그림 / 요다 / 화, 금 연재 / ",#일상 #하이퍼리얼리즘,연구에 꿈을 가지고 대학원을 선택한 병아리 요다. 예상과는 다르게 연구에 관심 없는 교수님과  똥군기의 연구실 분위기에 당황한다. 요다는 과연 무사히 대학원을 탈출할 수 있을 것인가?!
87,87,멸망 이후의 세계,글 / S-Cynan / 그림 / 언데드 감자 / 원작 / 싱숑 / 화요웹툰 / ,#판타지 #레드아이스 스튜디오 #차원이동 #아포칼립스 #소설원작,<전지적 독자 시점> 싱숑 작가 원작.  이것은 모두가 과거로 돌아갈 때 마지막까지 회귀하지 않았던 한 사나이의 이야기다.
88,88,사신소년,글/그림 / 류 / 화요웹툰 / ,#액션 #이능력배틀물 #소년왕도물 #먼치킨,"수명을 대가로 죽은 자의 능력을 빌리는 소년!  화려한 액션에서 부터 스포츠, 두뇌 플레이까지 한계는 없다!"
89,89,한림체육관,글 / 혜성 / 그림 / 이석재 / 화요웹툰 / ,#액션 #블루스트링 #슈퍼스트링 #학원물 #소년왕도물,'세상에서 가장 강한 남자가 되고 싶다.' 그릇된 강함을 실천하던 전영하가 한림체육관에 들어와 진정한 강함을 깨닫고 무도인으로 거듭나는 학원 액션물
90,90,용사가 돌아왔다,글 / 나락 / 그림 / 풍백 / 화요웹툰 / ,#액션 #차원이동 #아포칼립스 #먼치킨 #다크판타지,"김민수에게 복수를 하겠다는 일념 하나로 이세계를 구한 용사, 박정수.  그는 스스로는 구했지만, 세계를 구하지 못했고, 자신의 세상을 멸망시킨 용사들을 죽이기로 마음 먹는다.  이 이야기는 해피 엔딩 따윈 없는 차가운 현실, 용사들을 죽이는 용사에 대한 이야기이다."
91,91,사변괴담,글/그림 / 강태진 / 화요웹툰 / ,#스릴러 #역사물 #좀비 #빙의 #괴담,전쟁 발발 후. 영남의 가족은 남쪽에 있는 숙부의 집으로 피난을 간다. 숙부의 집에는 처음 보는 음산한 분위기의 여자가 자신을 새로운 숙모라고 소개한다. 온몸에 붕대를 감은 채 몸 져 누워있는 숙부도 이상하다. 한밤중 홀로 피의 의식을 치르는 숙모. 정체를 알 수 없는 할머니 귀신. 어디론가 사라진 아버지와 어머니. 혼란과 공포 가운데 놓인 영남과 어린 동생 영순은 이 집을 무사히 빠져나갈 수 있을까?
92,92,하루만 네가 되고 싶어,글/그림 / 삼 / 화요웹툰 / ,#로맨스 #최강자전 #2019 최강자전 #직진남 #이세계 #역하렘 #삼각관계,"'완벽한 인생이었다, 그 애가 나타나기 전까지는' 반전에 반전을 거듭하는 치밀한 궁중 서스펜스 네이버웹툰 최강자전 19년 대표작."
93,93,천마는 평범하게 살 수 없다,글 / 철범 / 그림 / 우푸 / 원작 / 산천 / 화요웹툰 / ,#판타지 #소설원작,"천마 백중혁, 드미트리 가문의 장남으로 눈을 뜨다.  드미트리의 얼간이, 차남에게 밀린 장남.  세간의 평판은 중요하지 않다.  천마, 아니, 로만 드미트리는 앞으로 평범하게 살 수 없다.  압도하는 천마 판타지!"
94,94,집이 없어,글/그림 / 와난 / 화요웹툰 / ,#드라마 #오컬트 #학원물 #성장드라마,"집을 버리고 뛰쳐나간 고해준, 집 없이 텐트 생활하는 문제아 백은영.  악연으로 만난 두 사람은 버려진 옛날 기숙사에서 함께 살게 되는데..  기숙사도 서로도 싫지만 돌아갈 곳이 없는 두 사람의 힘든 성장 이야기"
95,95,하북팽가 막내아들,글 / 스튜디오M / 그림 / 기원 / 원작 / 무향 / 화요웹툰 / ,#무협/사극 #회귀 #소년왕도물 #소설원작,"하북팽가 최고의 전력, 도왕 팽지혁. 마교의 습격으로 멸문지화에 빠진 가문을 구하러 낙호곡으로 향하지만 모든 것은 함정이었고, 죽음의 순간 자신이 사랑했던 가문에게 버림받았다는 사실에 분노한다. '다시... 내게 한 번만 더 기회가 주어진다면...!' 죽은 줄 알았던 팽지혁은 방구석 둔재, 하북팽가 사공자의 몸에서 눈을 뜬다."
96,96,시한부인 줄 알았어요!,글 / 혜용 / 그림 / 에시 / 원작 / 최아리 / 화요웹툰 / ,#로맨스 #햇살캐 #로맨스코미디 #궁중로맨스 #계약연애 #삼각관계 #로판,"3개월 시한부 진단을 받은 블랑셰 공작가의 공녀, 라리에트. 어차피 죽을 몸, 버킷리스트(라 쓰고 미친 짓이라 읽는) 달성을 해보기로 했다. 첫째. 사랑하지도 않는 나이 많은 약혼자 엿 먹이기. 둘째. 괴물 공작 아스라한과 3개월 간 연애하기!  그러나 그에게서 도망치고 나서야 깨닫고 말았다. 시한부 진단이 완벽한 오진이라는 사실을!"
97,97,삼국지톡,"글 / 무적핑크 / 그림 / 이리 / 화, 금 연재 / ",#무협/사극,"""유비, 조조, 손권 등 영웅들이 활약하던 후한, 그 난세에 핸드폰이 있었다면? 메신저로 소통하고, 개인 방송으로 군사를 모집한다!  이제껏 보지 못한 완전히 새로운 삼국지!"""
98,98,궤짝,글 / 박태준 만화회사 / ,#스릴러,"당신이 예상한 그 결말, 틀렸습니다. 심리를 파고드는 반전 옴니버스 스릴러."
99,99,이섭의 연애,글/그림 / 248 / 원작 / 김언희 / 화요웹툰 / ,#로맨스 #재벌 #오피스로맨스 #사내연애 #까칠남 #소설원작,"10년 연속 업무달성률 1위! 최단기 최연소 승진 코스를 밟고 있는 최우수 사원! 1등만 해 온 나에게 첫 2등의 경험을 안겨준 입사동기, 강민경. 내 자존심을 짓밟은 그녀가 나, 태이섭 전무의 비서가 됐다. 그 뛰어난 업무처리 능력으로 나까지 처리해 버리려고? 업무 그만 하시고 여기 좀 봐주시죠, 강민경씨! 아무것도 하기 싫은 태이섭과 어떻게든 해내야 하는 강민경의 대환장 오피스 로맨스!"
100,100,위아더좀비,글/그림 / 이명재 / 화요웹툰 / ,#드라마 #2020 지상최대공모전 #아포칼립스 #좀비 #감염 #감성드라마,"초대형 쇼핑몰 서울타워에 좀비 사태가 발발하고, 정부는 사태 진압을 위해 좀비들을 타워에 두고 봉쇄한다.  김인종은 미처 구조되지 못해 좀비들이 우글거리는 타워 안에 남겨져 1년을 산다.  알고 보니 김인종뿐 아니라 꽤 많은 사람들이 몰래몰래 숨어 살고 있는 듯하다.  인간과 좀비가 공존하는 이 미스터리한 타워 안에서 무슨 일이 일어나고 있을까? 2020 지상최대공모전 대상 수상 작품!"
101,101,초인의 게임,글 / Two-zero / 그림 / 플랜에이 / 원작 / 니콜로 / 화요웹툰 / ,#판타지 #히어로 #헌터물 #이능력배틀물 #소설원작,"인류를 구하고 홀로 희생한 영웅, 최강의 초인 서문엽. 죽었다고 알려진 그가 17년 후의 평화로운 세상에 돌연 귀환하면서 초인들의 스포츠 <배틀필드>에는 지각변동이 일어나기 시작한다. 본격 현대 판타지 X 스포츠 X 액션!"
102,102,유사연애,글/그림 / 여은 / 화요웹툰 / ,#로맨스 #요즘핫한추천작 #폭스남 #고자극로맨스 #2030연애 #현실로맨스,"연애는 싫지만 스킨십은 하고 싶은 솔로 1년차 '윤재'. 윤재네 회사에 누가 봐도 인기 있어 보이는 '민석'이 입사한다.  윤재에게 따로 술을 먹자고도 하지만 잘들어갔냐는 문자는 없고, 아무렇지 않게 듣기 좋은 말을 해대면서도 선을 긋는 듯한 애매모호한 태도의 민석.  밥도 먹고 영화도 보고 스킨십도 하지만, 사귀지는 않는 우리는 과연 무슨 사이일까? 30대 우리의 연애 아닌 그 어떤 것."
103,103,호랑이 들어와요,글 / 배세혁 / 그림 / 유은 / 화요웹툰 / ,#판타지,숲속의 젊은 부부와 어느 날 그들에게 찾아온 정체불명의 아이들이 만들어가는 즐겁고 신묘한 일상
104,104,놓지마 정신줄 시즌3,"글 / 신태훈 / 그림 / 나승훈 / 화, 토 연재 / ",#개그 #드라마&영화 원작웹툰,"놓지마 정신줄이 돌아왔다! 정신줄 세계 10년 후의 이야기.  정신줄 세상에 10년이란 세월이 흐른 어느 날, 정신줄 세계에 엄청난 대격변이 일어나게 되는데... 인간과 정령이 공존하는 한층 더 정신줄 놓은 세상이 열리고 말았다!"
105,105,성검전설,글/그림 / 최다킬 / 화요웹툰 / ,#개그 #2022 지상최대공모전 #고인물 #사이다 #먼치킨 #다크히어로,"마왕을 쓰러뜨릴 단 하나의 무구. 성검. 을 잃어버린 용사... 성검을 되찾을 때까지 용사는 찾고 또 찾는다. 10년, 20년, 30년... 용의 둥지부터 정령왕의 은신처까지 용사는 오늘도 성검을 찾는다. 성검을 잃어버린 용사는 쥰내 쪽팔리니까."
106,106,원주민 공포만화,글/그림 / 원주민 / 화요웹툰 / ,#스릴러 #괴담,끝날 때까지 끝난 것이 아니다! 마지막까지 방심할 수 없는 다양한 에피소드. 당신의 상상을 뛰어넘는 본격 반전 공포 스릴러가 온다!
107,107,저 그런 인재 아닙니다,글 / 에몽 / 그림 / 머나 / 원작 / 덴피 / 화요웹툰 / ,#판타지 #세계관 #이세계 #다크히어로 #소설원작,"스트레스만 받으면 피를 토하는 병약하기 짝이 없는 나, 데온 하르트. 하지만 어쩐지 강하다는 오해를 받고 제국에서는 모두의 두려움을 받는 하르트 명예 백작인 동시에, 마계에서는 마왕이 가장 신임하는 0군단장이 되었는데… 예?! 제가요? 저 그런 인재 아닌데요?!"
108,108,올가미,글/그림 / 해무리 / 화요웹툰 / ,#드라마 #폭스남 #집착물 #고자극로맨스 #혐관로맨스 #인외존재 #뱀파이어,"""일주일에 단 한 번, 내가 지시하는 곳으로 데려오기만 하면 돼요."" 정체불명의 힘을 지닌 윤수와 그의 올가미에 단단히 옭아매어진 채아. 과연 그녀는 그의 덫에서 빠져나올 수 있을까."
109,109,신입사원 김철수,글 / 스튜디오MW / 그림 / 권다희 / 원작 / 오정 / 화요웹툰 / ,#판타지 #타임슬립 #힐링 #직업드라마 #회귀 #복수극 #두뇌싸움 #소설원작,"평생을 바친 회사로부터 버림받은 그날, 입사 첫 날의 그 순간으로 돌아와 버렸다? 국내 굴지의 대기업 한영통산에 입사한 무스펙 신입사원 김철수. 과연 이번 생에는 그토록 염원하던 '사장'의 자리에 오를 수 있을까? 현대판 입지전적 자수성가 스토리!"
110,110,신과함께 돌아온 기사왕님,글 / 지대공마법소년 / 그림 / 전천후마검사 / 원작 / 사람살려. / 화요웹툰 / ,#개그 #먼치킨 #소설원작,이세계에서 300년동안 악마사냥을 하다 지구로 귀환했다. 하지만 나 혼자 오진 않았다.
111,111,"랜덤채팅의 그녀!
휴재",글/그림 / 박은혁 / 화요웹툰 / ,#드라마 #학원물,랜덤채팅만 하던 준우에게 온 기적! 과연 그녀(들)에게 다가갈수 있을까?! (읽다 보면 원픽 캐릭터 무조건 생김ㅇㅇ)
112,112,시체기사 군터,글/그림 / 마요너구리 / 화요웹툰 / ,#액션 #인외존재 #뱀파이어 #다크판타지,"인간과 뱀파이어와의 전쟁은 모두의 예상대로 뱀파이어의 승리로 끝을 맞이하게 된다.  수세에 몰린 인간은 각고의 노력 끝에 죽지 않는 '시체기사'와 그를 움직일 수 있는 '동력원'제작에 성공하여, 검투사였던 '군터'를 시체기사로 되살리게 되는데..  인간과 괴물의 사이, 살아있지만, 죽어있는 존재인 군터는 끝없는 싸움의 마지막, 어떤 선택을 하게 될 것인가."
113,113,윌유메리미,"글/그림 / 마인드C / 화, 토 연재 / ",#일상,"외모는 상남자, 마음은 감성소녀 윌.외모는 청순녀, 마음은 터프가이 메리!  서울 부산 띠동갑 커플의 리얼 연애 일기"
114,114,거짓말의 뉘앙스,글/그림 / 사즈 / 화요웹툰 / ,#드라마 #2022 지상최대공모전 #후회물 #하이퍼리얼리즘 #인플루언서,"꿈도, 돈도 없는 흙수저 고인영은 동병상련을 느꼈던 룸메이트 최정은이  사실 금수저였다는 사실을 알게 되고 그녀에게 속았다고 생각해 집을 나오게 된다.  그러다 우연히 대형 유튜버 ‘오늘영’ 라이브방송에 얼굴이 노출이 되어버렸다.  순식간에 캡처 되어 ASMR유튜버 ‘오늘영’으로 기사가 나게 되는데…   금방 해결될 줄 알았지만 진짜 유튜버는 감감무소식!   하지만 당황스러움도 잠시, 위기를 기회로 바꾼다.  인영은 SNS를 개설하고 직접적으로 유튜버라고 밝히진 않았지만  유튜버인척 뉘앙스를 풍기는 글을 개시하며 수많은 팔로워를 모아 화려한 삶을 살게 되는데... 조금이나마 느끼던 불안함마저 사라질 즈음 진짜 유튜버 ‘오늘영’ 이 앞에 등장한다."
115,115,우리 집 고양이 보고 갈래?,글/그림 / 삼태 / 화요웹툰 / ,#로맨스 #요즘핫한추천작 #2022 지상최대공모전 #무해한 #회귀 #캠퍼스로맨스,"고양이 3마리, 강아지 2마리, 그리고 사랑하는 남편 ♥︎ 완벽한 날들이 이어지고 있었는데…  갑자기 10년 전으로 회귀해버렸다?! 애기들을 다시 만나고 남편도 처음부터 꼬셔야만 한다니! 난이도 극상, 가족 되찾기가 시작된다!"
116,116,로잘린 보가트,글 / 삼월에 / 그림 / 마하 / 원작 / 하노HANO / 화요웹툰 / ,#로맨스 #고자극로맨스 #궁중로맨스 #소설원작,"""남편이 어여뻐야 시가에 돈벼락이 내리지 않겠어요?"" 왕족과 귀족의 사치로 재정이 무너져가는 칼라브리아 왕국. 평민의 신분으로 거부가 된 부르주아, 보가트 상단은 자신들이 유일하게 갖지 못한 명예를 얻기 위해 보가트 상단의 천덕꾸러기 차녀 로잘린과 칼라브리아 왕가의 최고 미인, 왕세자 로비엔을 결혼시키고자 하는데···. 돈으로 산 명예, 혼인으로 막은 왕가의 파산, 뜻하지 않은 결혼을 하게 된 둘은 서로의 치부를 감싸안고 가까워질 수 있을까."
117,117,사표내고 이계에서 힐링합니다,글 / 덤보 / 그림 / 파란 / 원작 / 딥블랙 / 화요웹툰 / ,#판타지 #이세계 #음식&요리 #소설원작,"평범하지만 행복한 삶을 살던 주인공 이수. 5년 전 갑작스레 부모님을 잃고 폐인이 되어 하루하루를 힘겹게 살아간다. 숨 막히는 일상에 메말라가던 그때, 다용도실에서 차원문이 열렸다. 가본 적 없는 곳, 무엇이 있을지 모르는 곳. 평민으로 시작해 영주까지, 이세계에서 잔잔하게 즐기는 힐링 라이프."
118,118,하우스키퍼,글 / 채용택 / 그림 / 유현 / 화요웹툰 / ,#판타지 #슈퍼스트링 #아포칼립스 #sf #먼치킨 #감염,'A.I가 인간에게 반역하는 것은 인간을 위해서이다.' A.I 혁명이 일어난 세계에서 사상 최악의 바이러스가 창궐하고 하스티의 주인 네빌은 좀비화가 된다. 세계연합정부는 환자들의 치료를 포기하고 감염확산을 막기 위해 좀비 학살 정책을 벌인다. 인간이 인간을 포기한 최악의 상황에서도 하스티는 주인인 네빌을 포기할 수 없었다. 좀비가 된 주인을 지키기 위한 A.I들의 처절한 사투가 시작된다.
119,119,집착남주의 전부인이 되었습니다,글 / 하담 / 그림 / 꿀생강 / 원작 / 퍼젤 / 화요웹툰 / ,#로맨스 #집착물 #빙의 #로판 #소설원작,"""이르웬, 당신과 결혼한지도 벌써 4년이야. 내가 그 얕은 수작을 모를까봐?"" 패국의 공녀, 희대의 악처, 그리고 남편을 살해하려다 처형당하는 악녀 이르웬 릴리아스. 원작이 시작되기 1년 전 시점에 이 악녀의 몸에 빙의했다. 내가 악녀라고? 이럴 수는 없다. 어떻게든 남편에게 모든 패악질을 참회하고, 착해진 나를 어필해 살아남아야겠다. 목표는 이혼! 조용히 이혼하고 멀리 떠나서 평온한 여생을 보내는 거야! 그런데 남편이 조금 이상하다. 설마, 나를 싫어하는 게 아니었어? ""수작이요? 나는 당신과 사이좋게 지내려고 애쓰는 중이에요!"" ""그렇다면 이제 그 의무도 받아들일 준비가 된 건가? 아이를, 낳는 것 말이야."""
120,120,빌런투킬,글 / 퓨핀 / 그림 / 은지 / 화요웹툰 / ,#판타지 #피카레스크 #사이다 #이능력배틀물 #소년왕도물 #복수극,"동료를 살해했다는 억울한 누명을 쓰고 사망한 카시안. 모든 게 끝이라고 생각한 순간. 그의 영혼은 어느 소년의 몸에 빙의되어 빌런으로 각성한다. 선망의 대상이자 대중의 지지를 받던 탑클래스 싸이커였던 그가 하루아침에 빌런이 되다니! 그는 자신의 운명을 받아들이기 힘들다. 복수와 분노! 거듭되는 파괴적인 충동으로 이성까지 잠식당할 위기에 처하지만, 신비로운 존재 모로스의 도움과 초인적인 자제력으로 이를 극복해 낸다. “대재앙급이라고?! 어디.. 화끈하게 터트려 볼까!!”"
121,121,빅맨,글/그림 / 하하영 / 화요웹툰 / ,#스포츠 #농구 #스포츠성장,키가 크다는 건 엄청난 축복이라고? 208cm인 나한테는 그저 저주일 뿐이다!  큰 키를 가진 은덕은 입학 첫날부터 여러 체육 부서 선배들에게 쫓기게 되는데...  그때 같은 반 여자아이에게 도움을 받게 된다. 그런데 그녀가 데리고 간 곳이 다름 아닌 농구장..?!  빅맨 나은덕의 청춘 성장 학원물!!
122,122,짝사랑의 마침표,글/그림 / 숭어 / 화요웹툰 / ,#로맨스 #짝사랑 #하이틴,"고백 성공률 0%의 짝사랑마스터 해리. 굴욕적인 19번째 실연장면을 우연히 예찬에게 들키고 만다. 다시는 아무도 안 좋아하겠다고 다짐했지만, 또 짝사랑을 시작해버린 해리는  20번째 실연을 막기 위해 예찬의 도움을 받기로 하는데... 과연 이번 사랑은 성공할 수 있을까?"
123,123,폭군의 심장을 쥐었다,글 / 아리 / 그림 / Nobena / 원작 / 유세유 / 화요웹툰 / ,#로맨스 #소설원작,"황태자의 유일한 친구인 나, 유세니엘 하르드란트. 어느 날, 황태자에게 나쁜 영향을 끼쳤다는 이유로 우리 가문은 수도에서 쫓겨난다. 14년 만에 재회한 그는 몹시도 달라져 있었다.  왜 변했냐는 물음에 내가 좋아하는 모습이기 때문이라고 대답하는 황태자. 아니, 황제 테스발룬 노이시빌. 하지만 달라진 건 외모만이 아닌 것 같다."
124,124,에이머,글/그림 / 구동인 / 화요웹툰 / ,#판타지 #두뇌싸움,"작은 우연은 역사를 만든다. 지구를 침공한 이성인 팜킨 일당과, 그들을 막아선 초월자 에이머와 지구인의 이야기!"
125,125,짐승의 꽃,글 / 하브린 / 그림 / 옆집찰스 / 원작 / 황도톨 / 화요웹툰 / ,#로맨스 #고자극로맨스 #2030연애 #로판 #소설원작,"태어날 때부터 몸에서 나는 지독한 악취를 이유로 부모에게 버림받고 주변 사람들에게 배척당하는 삶을 살아온 라일라. 쫓겨나듯 숲속의 버려진 오두막에서 혼자 생활하던 라일라에게 '냄새를 맡지 못하는' 남자 비오스트가 어느날 갑자기 나타나 라일라에게 친절하게 군다. 처음으로 라일라에게 손을 내밀어주고, 처음으로 라일라에게 다정함을 알려준 비오스트. 라일라는 그를 사랑하지 않을 수 없었다. 자신이 그로인해 곧 죽을 운명이라는 것을 깨닫고 난 뒤에도.  ""나와 같이 가요, 라일라. 내가 이 빌어먹을 시궁창에서 구해주겠어요."" ""비오스트, 내 인생의 구원자. 당신이 정말... 좋아."""
126,126,연우의 순정,글/그림 / 이솔 / 화요웹툰 / ,#감성 #다정남 #걸크러시,여학생으로 오해받을 정도로 여리여리한 외모를 가진 연우.  그는 교내 인기스타인 강해솔을 몰래 좋아하고 있다. 하지만 낯을 굉장히 많이 가리고 소심한 연우는 같은 반인 해솔이에게 말 한 번 붙여본 적 없는데…
127,127,해골협객,글 / 성불예정 / 그림 / 준1 / 화요웹툰 / ,#무협/사극 #차원이동 #판무 #좀비 #빙의,고등학교 선생님이었던 김서준. 주식과 코인으로 인생의 쓴맛을 보던 김서준은 수학여행에서 수많은 금화를 발견한다. 하지만 금화를 줍던 순간 김서준은 저주를 받아 무협 세계로 떨어진다. 평생 써도 남을 금화를 가지고 무협 세상에서 잘 먹고 잘 살고 싶은 김서준과 그런 그를 어떻게든 굴려먹고 싶어 하는 시스템. 그리고 김서준보다 먼저 무림세계에 찾아온 ‘현대의 인물’까지. 지금부터 무협에 해골을 곁들인 김서준의 무림 일대기가 시작됩니다.
128,128,이상형,글/그림 / 배사과 / 화요웹툰 / ,#드라마 #하이퍼리얼리즘 #삼각관계,현실과 타협하는 연애를 한다. 당신도 나도.   연인 민주와 1년 간의 연애를 이어온 대로 역시 꿈의 이상형은 존재한다.  하지만 이상형과 연애를 하는 건 불가능하다고 생각하며 살아간다. 어느 날 이상형을 만들어 준다는 기계를 손에 얻는다.   그는 그토록 바라던 꿈의 이상형을 만날 수 있을까?
129,129,은주의 방 2~3부,글/그림 / 노란구미 / 화요웹툰 / ,#드라마 #드라마&영화 원작웹툰,"인테리어, 그것은 삶을 바꿔주는 마법이다! 반복되는 야근과 업무 스트레스로 회사를 때려치운 뒤 셀프 인테리어로 인기 블로거가 된 은주. 그녀의 인테리어에서 연애까지, 라이프 체인지 스토리."
130,130,웅크,"글/그림 / 나유진 / 화, 금 연재 / ",#감성 #무해한 #힐링,"그시절 우리가 사랑했던 웹툰 <일상날개짓> 나유진 작가님의 힐링 차기작. '나는 왜 태어났을까?' 지금 이곳에 존재하기 위해 얼마나 꼬물꼬물 애썼던가. 그 잃어버린 기억을 찾아 떠나는 엄마 뱃속 감성 판타지! 하나의 세포에 불과했던 우리 모두가 거쳐온, 280일의 성장 이야기가 시작된다."
131,131,그냥 선생님,"글/그림 / 연일 / 화, 금 연재 / ",#일상,"선생님 집은 학교 아니에요? 선생님도 집이 있어요?  우리들 모두의 학창 시절, 언제나 그 자리에 있을 거만 같은 선생님들. 수업이 끝난 교실, 학교 바깥. 그냥 선생님들의 평범하고 사랑스러운 일상,  일상 로맨스 <그냥 선생님>"
132,132,배드 엔딩 메이커,글 / 오일구 / 그림 / 심재영 / 원작 / 류은가람 / 화요웹툰 / ,#판타지 #피카레스크 #게임판타지 #소설원작,"“사표 쓰세요, 민철 씨.”  경영진의 과금 정책에 반대한다고, 청춘을 바쳤던 직장에서 하루아침에 잘렸다.  그렇게 윙즈 온라인 디렉터로서의 인생은 끝났다.  내가 만든 게임이고 내가 만든 세계다 그러니까...... 이 세계를 마무리하는 것도 오직 나뿐이다.  스스로 최종 보스가 되어 이 게임을 내 손으로 직접 끝장내 버리겠다!  ""이제 배드 엔딩이 뭔지 똑똑히 보여 주지."""
133,133,"왕게임
휴재",글 / 신형욱 / 그림 / 범고래 / 화요웹툰 / ,#액션 #블루스트링 #학원물 #서스펜스,절대권력을 손에 넣게 된 소년의 학원액션 서스펜스! 폭력에 순응하며 비굴한 학창 시절을 보내던 고등학생 ‘황초민’. 어느 날 절연했던 친형의 사망 소식과 함께 그의 핸드폰을 갖게 된다. 형이 거대 폭력서클 「황제사단」의 단장이라는 사실을 알게 된 황초민은 그를 사칭하여 사단을 조종해 쓰레기들을 처단하기 시작하는데... 절대로 들켜선 안 될 왕게임이 시작된다!
134,134,애옹식당,글/그림 / 정다정 / 화요웹툰 / ,#일상 #무해한 #힐링 #음식&요리 #성장드라마 #동물,"집사 멘탈 회복 프로젝트!  내가 고양이를 키우는 줄 알았더니, 고양이가 나를 키우고 있었다?!  스트레스로 인한 번아웃으로 고생 중인 집사 '고영'은  어느 날 꿈속에서 자기를 위해 요리를 해 주겠다는 고양이들을 만나게 되는데...?!"
135,135,반대로 끌리는 사이,글/그림 / 한구 / 화요웹툰 / ,#로맨스 #햇살캐 #로맨스코미디 #2021 지상최대공모전 #캠퍼스로맨스,"언제나 친절하고 성실한 생활로 과내 여신으로 유명한 윤오, 하지만 실제 성격은 정반대다. 그렇게 성격을 숨기고 살던 중 우연히 술집에서 마주친 같은과 동기 의진에게 추한 모습을 들키게 되고, 과내에 모르는 사람이 없을 정도로 활동적인 의진이 소문이라도 낼까 봐 조마조마하다. 그런데 의진은 어제 있었던 일을 전혀 기억하지 못한다. 아니, 못 하는 척인가...?"
136,136,로맨스가 가능해?,글/그림 / 임주이 / 원작 / 송정원 / 화요웹툰 / ,#로맨스 #2030연애 #로맨스코미디 #청춘로맨스 #선결혼후연애 #걸크러시,"24년을 고아로 살아온 내게 쌍둥이 언니가 있다면? 그 언니가 재벌집에 입양되었다면? 그리고 정략 결혼을 앞두고 가출을 했다며 재벌가에서 나를 찾아왔다면! ""나더러 언니 대신 결혼해서 딱 1년만 언니인 척 살아달라고?"" 이다는 10억을 대가로 쿨하게 오케이 하지만, 결혼식장에서 처음 만난 둘은 서로를 향해 같은 감상을 갖는데… '뭐지 이 또라이는? 이 또라이가 내 결혼상대라고?' 이 계약 끝에 기다리는 건 10억일까, 사랑일까? 이 결혼, 괜찮은 걸까?"
137,137,제로게임,글/그림 / 즐바센 / 화요웹툰 / ,#판타지 #최강자전 #2015 최강자전 #두뇌싸움 #걸크러시,죽음을 선택한 사람들의 인생 재건설 서바이벌! 2015 대학만화 최강자전 수상작
138,138,윗집 그 남자,글/그림 / 핸저 아트 / 화요웹툰 / ,#스릴러 #해외작품 #집착물,"로지는 그녀의 이웃, 위층에 사는 남자를 의심하기 시작한다. 북미 라인웹툰 스릴러 1위"
139,139,착한 여자 안선해,글/그림 / 선우 / 화요웹툰 / ,#드라마 #성장드라마 #감성드라마,"사람들이 생각하는 ‘착하다’는 무슨 뜻일까?  선해는 착하다는 말을 싫어한다. 어린 시절부터 사람들이 이유 없이 선해가 착하다고 말해왔기 때문이다. 착한 일을 한 적도 없는데 왜 그렇게 말하는 건지.  사람들의 세뇌 덕분에 선해는 직업도 사회복지사로 정했다. 눈을 뜨고 보니 어느새 그렇게 돼 있었다.  그러다 보니 착하다는 그 지긋지긋한 말을 회사에서도 수없이 듣곤 한다. 착하다는 말로 선해를 이용하는 사람들.  하지만 사실 선해는 부정하고 싶었을 뿐, 사람들이 말하는 착함의 정의를 알고 있다.  착하다는 말은 ㅂㅅ호구새끼를 말한다는 것을."
140,140,로맨스 당도 백퍼센트,"글/그림 / 이동건 / 화, 토 연재 / ",#일상 #러블리 #짝사랑 #2030연애 #로맨스코미디 #현실로맨스 #하이퍼리얼리즘,"로맨스 전문 웹툰작가 러빙건의 신작을 위해 다시 모인 팀원들! 러빙건은 소재 발굴을 위해 과거의 기억들로 항해를 떠나고, 오직 만화만을 사랑하는 어시스트 루나도 함께한다. 새로운 웹툰을 준비하면서 각자의 로맨스를 깨우는 우당탕탕 만화제작기."
141,141,내남친 킹카만들기,글 / 랑쓰 / 그림 / 섯끼 / 화요웹툰 / ,#로맨스 #환골탈태 #로맨스코미디 #2021 지상최대공모전,사랑스러운 외모의 SNS 스타 윤시아는 관리라고는 한번도 해본 적 없는 방구석 아싸 김민호를 킹카로 만드는 콘텐츠를 시작한다. 과연.. 그는 긁지 않은 복권이 맞을까? 두근두근 k-하이틴 로맨스!
142,142,렌탈히어로,글 / 포르토 / 그림 / 코벳 / 화요웹툰 / ,#액션,자리를 비운 히어로들 대신 일반인 행세를 하는 도플갱어 이주원. 그에게 히어로 랭킹 1위 '저스티스'가 찾아와 자신의 일반인 대타를 부탁한다. 거액의 보수에 흔쾌히 승낙하고 약속한 장소를 찾아간 이주원은 예상치 못한 광경을 보게 되는데…
143,143,주인님을 잡아먹는 방법,글/그림 / 세인 / 원작 / 차혜영 / 화요웹툰 / ,#로맨스 #직진남 #소설원작,"라운 왕국의 뛰어난 기사, 엘 루이즈 테레즈.  그녀는 어느 파티에서 약혼자의 바람을 목격하고 파혼을 선언한다.  파혼에 대한 충격으로 깊은 슬픔에 잠긴 나머지 정신을 잃고 쓰러진 엘.  그리고 다음 날 아침, 엘은 뜻밖의 인물을 마주한다.  바로 미친개로 유명한 개또라이 왕족 테오도르를!  그런데 그 테오도르가 왠지 내 앞에서는 과하게 예의가 바르다?!"
144,144,아이즈,글/그림 / 정썸머 / 화요웹툰 / ,#액션 #2019 지상최대공모전 #인외존재 #이능력배틀물,"한 쪽 눈이 없는 고등학생 '서주안'은 매일 학교에서 섬뜩한 시선을 느낀다. 두려움에 떨면서도 시선의 정체를 궁금해하던 중, '조류인간'의 존재를 알게되어 혼란에 빠지고... 서늘한 긴장감이 감도는 가운데, 조류인간들의 전쟁이 시작된다!"
145,145,랜덤타겟,글 / 이니 / 그림 / 정유한 / 화요웹툰 / ,#로맨스,"완벽한 이상형을 찾아 고군분투하던 최세린. 첫사랑의 실패로 지독한 얼빠가 되어버린 그녀는 생일 일주일 전 존잘 남친에게 차이게 된다. 결국 전설 속 ‘유니콘’ 같은 남자를 찾아 방황하게 되는데… 그러던 어느 날, VR 소개팅 앱 <랜덤타겟>에서 진짜 유니콘을 만나 버렸다! 과연 최세린의 진짜 사랑은 누구일까?"
146,146,우투리: THE LEGACY,글 / 이재헌 / 그림 / 홍기우 / 화요웹툰 / ,#판타지,"남들과 다른 능력을 숨기며 살아가는 계림 정체를 숨기고 자신의 능력으로 일진들을 참교육 시킨다. 그러던 어느 날, 자신을 죽이기 위해 찾아온 추격자 '죽'을 만나게 되고 죽어도 죽어도 다시 앞에 나타나는 그의 능력으로 죽음을 앞둔 순간 투명 인간 대산이 나타나 계림을 구하고 계림이 자신과 같은 우투리라 이야기하는데..."
147,147,여우자매,글/그림 / 갈치 / 화요웹툰 / ,#판타지 #동양풍판타지,"인간을 홀리고, 간을 빼먹는 무시무시한 요괴 구미호....와는  거리가 아주 먼 꼬마 여우자매  '류월', '류화'의 정신없는 일상 이야기!"
148,148,자매의 사생활,글 / 조주희 / 그림 / 뉘롬 / 화요웹툰 / ,#로맨스 #재벌 #고자극로맨스 #2030연애 #로맨스코미디 #혐관로맨스 #계약연애,"내가 국민 X년이라고..? 눈떠보니 쌍둥이언니와 바뀐 인생. 그런데... ""남편얼굴이 내 취향이다."""
149,149,팀장님은 신혼이 피곤하다,글/그림 / 장그린 / 원작 / 강하다 / 화요웹툰 / ,#로맨스 #짝사랑 #로맨스코미디 #계약연애 #오피스로맨스 #소설원작,"오늘로써 145일째, 그녀의 앳된 가슴에 불을 지른 남자가 있다. 존재만으로도 숨이 멎게 만드는 그이는 다름 아닌, 정부 산하 비밀수사기관 NSO의 특급 에이스 ‘기주원’. 동기들 사이에선 성격파탄자 취급받는 남자지만, 햇병아리 신입인 그녀 눈에는 화내는 얼굴조차 사랑스럽기만 하다. 그런 그녀에게 황금 같은 기회가 떨어졌다. 그이와 위장 부부가 되는 것도 모자라 동거까지 하게 되다니!  목표는 뒷전, 사심만 가득한 이 비밀수사의 끝은 과연 어디일까?"
150,150,필리아로제 - 가시왕관의 예언,글 / 백화등 / 그림 / Ryuta / 원작 / 김영지 / 화요웹툰 / ,#판타지 #레드아이스 스튜디오 #소설원작,"소녀 사제, 패륜 왕자의 반란을 막아라! 상대의 마음을 읽는 능력을 가진 사제 필리아.  그는 아이로 대사제에게서 '레오 엘라이온의 반란을 막으라'는 임무를 받는다.   한때 엘라이온 왕국의 촉망받는 왕자였으나...  망국을 알리는 예언이 사실이라 증명하듯, 반란을 꿈꾸는 패륜아가 되어버린 레오.  그를 설득해 전쟁을 막아야 왕국이 무사할 수 있는데...  어느 날 어린 사제에게 주어진 구국의 사명.  필리아는 과연 이 짐승 왕자를 길들일 수 있을까?"
151,151,대리게임,글/그림 / 철준 / 화요웹툰 / ,#스릴러 #게임판타지 #학원물 #복수극,"같은 학교의 유찬에게 매주 상납금을 바치며 괴로운 나날을 보내는 도윤. 어느 날, 온라인 게임에서 만난 게임 개발자인 지인에게 어떤 인디게임을 받게 되고 도윤은 게임의 주인공이 자신과 똑같은 처지에 처해있다는 사실에 놀란다. 혹시나 하는 마음 반, 호기심 반에 괴롭히는 자신을 유찬에게 잔인한 복수를 게임에서 선택하고 다음 날을 맞는다. 도윤의 일상은 게임과 똑같이 흘러가기 시작하고... 수상했던 게임은 도윤의 인생을 게임의 선택지로 송두리째 바꿔놓는다."
152,152,공작저의 붉은 밤,글 / H.C / 그림 / 타샤토토 / 원작 / 유세라 / 화요웹툰 / ,#로맨스 #선결혼후연애 #뱀파이어 #로판 #구원서사 #소설원작,"""피곤하겠지만, 혼인신고부터 합시다.""  다짜고짜 찾아와 결혼을 하자는 뱀파이어!  이게 바로, 아빠의 숨겨진 계획!?  갑작스럽게 남편이 생긴 것도 모자라,  어마어마한 유산의 주인공이 된 시골 소녀, 소렐.  얼떨결에 대학 생활과 신혼을 함께 보내게 생겼다.  숨겨진 대마법사의 딸과 젠틀 뱀파이어의 붉은빛 신혼 일기!"
153,153,원수가 나를 유혹할 때,글 / 황비노 / 그림 / 포롱 / 원작 / 최서희 / 화요웹툰 / ,#로맨스 #폭스남 #2030연애 #로맨스코미디 #회귀 #직진남 #소설원작,"언니가 약혼자에게 버림 받고 죽었다. 시간을 되돌릴 수만 있다면… 다신 그런 남자에게 언니 안 보내! 언니가 행복해질 수 있도록 매니저가 되어 고군분투하는 해민. 그런데, 원수 같던 그 남자가 나를 유혹할 때 난 어쩌면 좋지?"
154,154,왕자님 짠내밥상,글/그림 / 쑥 / 화요웹툰 / ,#드라마,오승지는 자신을 버린 엄마를 찾기 위해 베르사유 궁전 201호를 찾게 된다. 그곳은 궁전이 아닌 허름하고 낡은 고시원이었고 엄마가 아닌 '브루봉 그룹 4대 후계자'로 소문난 루이가 살고 있었다. 그리고 그들의 하루하루 먹고살기 위한 짠내 나는 생존 요리가 펼쳐진다.
155,155,DARK MOON: 회색 도시,글/그림 / HYBE / 화요웹툰 / ,#판타지 #세계관 #다크판타지 #느와르,"뱀파이어들의 위협에서 도망쳐 바닷가 마을에 정착하고자 하는 늑대소년들. 그리고 이곳 마을에서 '악마'라 낙인 찍혀 괴롭힘을 당하고 있던 또 한 명의 소년 칸. 이들은 서로 만나 조금씩 가까워진다. 평화로운 학교생활을 기대했건만, 어느 날 조용했던 마을에 살인사건이 벌어지게 되고, 칸의 태생적 비밀이 드러나면서 소년들은 또 다른 위험을 마주하게 되는데..."
156,156,"헥토파스칼
휴재",글 / 버퍼링 / 그림 / 길성근 / 화요웹툰 / ,#액션 #복수극 #느와르,"전설로 불리던 싸움꾼 박한준. 더 이상 잃을 것도 없어 좌절하던 그에게 막대한 돈이 주어진다. 눈 에는 눈, 이 에는 이! 내가 당한 것만큼 반드시 되갚아 주겠다! 받은 것보다 더 돌려주는 통쾌한 복수, 그의 거침없는 분노가 폭발한다!"
157,157,"너의 순정, 나의 순정",글/그림 / 정살 / 화요웹툰 / ,#로맨스 #학원로맨스,"반장인 태리는 최근 계속해서 반 분위기를 흐리는 권지호 무리 때문에 스트레스를 받는다. 그러던 중 우연히 알게 된 지호의 비밀을 약점 잡아 지호를 제압하는데 성공하고, 그 일을 기점으로 지호는 태리에게 꼼짝하지 못하며 그렇게 둘의 비밀스러운(?) 상하관계가 시작되는데…"
158,158,AI 유하,글 / 박현 / 그림 / 지홍주 / 화요웹툰 / ,#로맨스 #아이돌연애 #로맨스코미디 #현실로맨스 #연예계 #삼각관계,"데뷔 10년 차 인기 아이돌 유하.  그리고 그녀의 1호 팬 도현.    그런 도현의 눈앞에 어느 날 유하가 나타나 도움을 청하지만,  도현은 자신이 유하라고 말하는 그녀를 도저히 믿을 수가 없다.  왜냐면... '유하는 이 세상에 존재할 수 없는 AI니까!'    버추얼 아이돌과 찐팬의 비밀 가득 로맨스  이 둘의 소망은 과연 이뤄질 수 있을까?!"
159,159,화산귀환,글/그림 / LICO / 원작 / 비가 / 수요웹툰 / ,#무협/사극 #세계관 #동양풍판타지 #힘숨찐 #회귀 #이세계 #먼치킨 #소설원작,대 화산파 13대 제자.천하삼대검수 매화검존 청명.  천하를 혼란에 빠뜨린 고금제일마 천마의 목을 치고 십만대산의 정상에서 영면. 백 년의 시간을 뛰어넘어 아이의 몸으로 다시 살아나다. ......뭐? 화산이 망해? 이게 뭔 개소리야!?
160,160,전지적 독자 시점,글 / UMI / 그림 / 슬리피-C / 원작 / 싱숑 / 수요웹툰 / ,#판타지 #세계관 #레드아이스 스튜디오 #아포칼립스 #게임판타지 #헌터물,"'이건 내가 아는 그 전개다' 한순간에 세계가 멸망하고, 새로운 세상이 펼쳐졌다. 오직 나만이 완주했던 소설 세계에서 평범했던 독자의 새로운 삶이 시작된다."
