,id,title,author,genre,story
0,0,별을 부탁해,글/그림 / 이동건 / 8화 완결 / ,#일상 #완결무료 #완결일상,"잘때도, 놀때도 아빠만 찾는 천방지축 딸 별이와  서툰 딸바보 아빠의 예측불허 일상 에피소드!  본 컨텐츠는 이동건 작가와 함께하는 LIG 손해보험 브랜드 웹툰입니다."
1,1,빵점동맹,글 / 마사토끼 / 그림 / joana / 76화 완결 / ,#드라마 #완결드라마,수능이라는 한 판 승부. 그 끝에서 우리를 기다리는것은 무엇일까? 그 답을 알기위한 우리들의 동맹.
2,2,국립자유경제 고등학교 세실고,글 / 양혜석 / 그림 / 타파리 / 51화 완결 / ,#드라마 #학원물 #성장드라마 #완결드라마,입학과 동시에 모든 학생에게 천만원의 ‘입학금’이 지급되는 파격적인 조건.  그러나 잔고가 미달이면 퇴학을?! ‘먹고 살기 위한’ 고등학생들의 악전고투기!!
3,3,악플게임,글/그림 / 미티 / 45화 완결 / ,#드라마 #완결드라마,"우승상금 10억!  대한민국 최고의 악플러를 뽑는 대회가 펼쳐진다.  <남기한 엘리트만들기>, <고삼이 집나갔다> 미티 작가 신작!"
4,4,한줌물망초,글/그림 / 혜진양 / 96화 완결 / ,#판타지 #완결판타지,"당신은, 전생을 믿으시나요? 당신은, 나를 기억하고 있나요? 전생을 믿지 않는 한 여자의 이야기, <한줌물망초>"
5,5,그날의 생존자들,글/그림 / 김선권 / 38화 완결 / ,#스릴러 #완결스릴러,"하룻밤 사이 전세계 대부분의 사람들이 목숨을 잃었다?!  혼란에 빠진 생존자들에게 서서히 다가오는 또다른 공포.  <수사9단>, <후유증> 김선권 작가의 신작 재난 미스테리물"
6,6,소나기야,글/그림 / 와루 / 26화 완결 / ,#드라마 #완결무료 #완결드라마,시골마을 사람들과 함께 보내는  와루의 여름 이야기..
7,7,2013 루키 단편선,글/그림 / 네이버웹툰 작가 / 7화 완결 / ,#드라마 #완결무료 #완결드라마,"전설적인 작가 이현세, 이두호가 직접 프로듀싱한 7명의 신인 작가 단편선 세번째 시즌!"
8,8,라이징패스트볼,글/그림 / 박현수 / 무료 8화 / ,#스포츠 #야구 #스포츠성장 #완결스포츠,고교야구! 야구소년! 불꽃같은 그들의 이야기!
9,9,키드갱 시즌2,글/그림 / 신영우 / 무료 2화 / ,#개그 #완결개그,키드갱 22권 그 이후!  정통 개그만화가 부활한다!
10,10,터치! 메리크리스마스,글/그림 / 네이버웹툰 작가 / 10화 완결 / ,#일상 #완결무료 #완결일상,요즘은 뭘 하며 지내고 있을까?   근황이 궁금했던 작가들이 돌아왔다! 개성 만점 크리스마스 단편선을 스마트툰으로 만나보세요
11,11,풋볼 데이브레이커,글/그림 / 조석 / 8화 완결 / ,#스포츠 #완결무료 #완결스포츠,본 컨텐츠는 마음의소리의 조석 작가가 전하는 풋볼 데이브레이커 웹툰으로  NHN 엔터테인먼트의 '풋볼데이' 브랜드 웹툰입니다.
12,12,오렌지 마말레이드,글/그림 / 석우 / 125화 완결 / ,#로맨스 #드라마&영화 원작웹툰 #완결로맨스,뱀파이어 정체를 숨긴 전학생 백마리와 인기 남학생 정재민. 석우 작가가 그리는 그들의 감성적인 판타지 로맨스.
13,13,모자뜨기클럽,글/그림 / 김진 / 8화 완결 / ,#일상 #완결무료 #완결일상,"이종석과 함께하는 본격 뜨개툰! 신생아 살리기로 똘똘 뭉친, 올 겨울 가장~ 뜨는 클럽이 당신을 기다린다! 본 웹툰은 세이브더칠드런 신생아살리기 모자뜨기 시즌7 브랜드 웹툰 입니다."
14,14,기사도,글/그림 / 환쟁이 / 87화 완결 / ,#액션 #완결액션,"물러설 곳 없는 두 남자의 싸움이 시작된다! 쫓고 쫓기는 그들의 스릴 넘치는 이야기, '기사도'"
15,15,ENT.,글 / 박미숙 / 그림 / 강은영 / ,#로맨스 #완결무료 #완결로맨스,연예계를 흔드는 팬픽작가 여우별이 파헤치는 엔터테인먼트 세계의 비밀!
16,16,내일은 웹툰,글/그림 / 신의철 / 무료 11화 / ,#개그 #완결개그,"내일 나오는 만화를 그리며, 언제나 내일을 사는  웹툰 작가들의 만화같은 이야기."
17,17,고고루키루,글/그림 / 한경찰 / 227화 완결 / ,#드라마 #완결무료 #완결드라마,"정체불명의 3인조, 천진난만 켄, 카리스마 선녀, 쉬크노노  루키루가 만들어내는 황당무계하지만 따뜻한 이야기들. 지금부터 루키루와 함께 고고"
18,18,출동! 히어로 전사,글/그림 / 하일권 / 10화 완결 / ,#판타지 #완결무료 #완결판타지,우주로부터 정체불명의 벌레가 침입했다! 이에 맞서 히어로 팩토리를 지키는 전사들의 이야기! 본 컨텐츠는 하일권 작가가 전하는 레고 히어로팩토리 브레인어택 브랜드 웹툰 입니다.
19,19,아랫집 시누이,글/그림 / 김진 / 57화 완결 / ,#일상 #완결일상,"대를 물려 내려오는 고부갈등? 노노! 시월드, 이제는 무섭지 않아요!"
20,20,미숙한 친구는 G구인,글/그림 / 최삡뺩 / 93화 완결 / ,#개그 #완결개그,또띠또띠 뀌꼬르떼 레마르장의 완전 신나는 4차원 지구생활기!
21,21,"OH, MY GOD!",글 / 강지영 / 그림 / 현예지 / 27화 완결 / ,#판타지 #최강자전 #완결무료 #완결판타지,"신들의 회사 헤븐즈 컴퍼니, 성격도 외모도 제 각각인 'GOD'들.  그들의 갈등과 신의, 그리고 음모.  2012 대학만화 최강자전 수상작!"
22,22,맛집남녀,글/그림 / 츄플엣지 / 49화 완결 / ,#개그 #완결무료 #완결개그,po블로거wer! 맛집 남녀의 스마트한 요절복통 로맨스
23,23,네로의 실험실,글 / 외눈박이 / 그림 / 시현 / 63화 완결 / ,#판타지 #완결판타지,검은 마법사 네로와 태엽장치 아가씨 비올렛타. 그들을 둘러싸고 펼쳐지는 기묘하고 환상적인 이야기들.
24,24,월남특급,글/그림 / 혜원 / 94화 완결 / ,#드라마 #완결무료 #완결드라마,유쾌상쾌통쾌! 지긋지긋한 현실을 벗어나 베트남으로! 돈가방을 들고 튄 두 여자와 악의 무리들의 로얄 어드벤처 베트남 여행기.
25,25,아이들의 권 선생님,글/그림 / 호우 / 85화 완결 / ,#드라마 #육아물 #감성드라마 #완결드라마,아이들의 히어로! 조폭 선생님과 다섯 꼬마들의 소소한 학교 일상 이야기.
26,26,기태류,글/그림 / 배드이리 / 133화 완결 / ,#판타지 #완결무료 #완결판타지,죽음을 위해? 삶을 위해? 의문에 싸인 그녀의 발걸음이 움직이기 시작한다.
27,27,수업시간그녀,글/그림 / 박수봉 / 29화 완결 / ,#로맨스 #완결로맨스,"수업시간, 나를 두근거리게 만드는 내 옆자리의 그녀. 당신들에게도 있었던 가슴 속까지 설레는 이야기."
28,28,움비처럼,글/그림 / 권혁주 / 254화 완결 / ,#감성 #완결무료 #완결감성,바쁜 일상 속에서 잠시 자신을 돌아보게 하는 만화  느림의 즐거움을 추구하는 마음정화웹툰
29,29,마인드컨트롤,글/그림 / 마인드C / 37화 완결 / ,#개그 #완결무료 #완결개그,살면서 누구나 한번쯤 가져봤을 궁금증을 마음과 심리를 꿰뚫는 공감으로 해결한다?!  본 컨텐츠는 SBS TV프로그램 <화신>과 함께하는 제휴 웹툰입니다.
30,30,"꼭, 딱, 똑으로 시작",글/그림 / 네이버웹툰 작가 / 8화 완결 / ,#일상 #완결무료 #완결일상,"꼭 필요한! 딱 맞는! 똑 소리나는! 새로운 온라인 보험 이야기 - 본 컨텐츠는 곽백수, 서나래, 이현민, 김양수 작가와 함께하는 한화생명 온슈어 브랜드 웹툰입니다."
31,31,위아더 능력자!,글/그림 / 손하기 / 54화 완결 / ,#개그 #완결개그,능력자는 능력자인데 별로 부럽진 않은 그들. 능력자 아니야.. 너넨 좀 그래...
32,32,2013 전설의고향,글/그림 / 네이버웹툰 작가 / 50화 완결 / ,#스릴러 #완결무료 #완결스릴러,네이버 웹툰 작가들의 여름 특집 릴레이 단편. 머리를 쭈뼛하게 만드는 '2013 전설의 고향'. 스마트툰으로 만나보세요.
33,33,바람의 색,글 / 재아 / 그림 / 임광묵 / 30화 완결 / ,#로맨스 #완결로맨스,홋카이도를 배경으로 펼쳐지는 두 남녀의 아름다운 사랑 이야기. 곽재용 감독이 원안을 쓰고 <교무의원> 임광묵 작가가 그린 신작 웹툰 <바람의 색>.
34,34,너와 나의 거리는 8.5,글/그림 / 김진 / 12화 완결 / ,#일상 #완결무료 #완결일상,본 컨텐츠는 김진 작가가 전하는 그레이트 한 영국이야기로서 주한영국문화원의 브랜드 웹툰입니다.
35,35,사랑의 아쿠아리움,글 / TGM / 그림 / 린다 / 137화 완결 / ,#드라마 #완결무료 #완결드라마,"우연한 기회에 수상한 아쿠아리움을 발견한 주인공 김죄형과,  엉뚱하지만 사랑스럽고, 진지하지만 예측불허인 수족관 사람들의 이야기."
36,36,레인보우 로즈,글 / 김예린 / 그림 / 장유라 / 28화 완결 / ,#판타지 #완결무료 #완결판타지,간절히 원하면 이루어진다?  <2012 서울만화스카우트> 당선작 '레인보우 로즈'
37,37,진진돌이 제로,글/그림 / 윤종문 / 39화 완결 / ,#액션 #완결무료 #완결액션,짐승 특수부대의 화려한 총격전!  또 다른 버전으로 만나는 진진돌이.
38,38,타임인조선,글/그림 / 이윤창 / 112화 완결 / ,#개그 #완결개그,'백투더퓨처'를 꿈꾸는 준재와 철수의 조선견문록!
39,39,레사 시즌1,글/그림 / POGO / 59화 완결 / ,#판타지 #먼치킨 #완결판타지,"어느날부턴가, 사람들은 디맨으로 변한다. 매일밤 계속되는 습격, 그리고 동생을 찾는 한 남자. 그 혼돈 속에서 신이 눈을 뜬다!"
40,40,삵의 발톱,글/그림 / 손영완 / 190화 완결 / ,#무협/사극 #완결무협/사극,"중국의 위촉오시대, 삼국지연의만이 전부가 아니다.    고구려인, 백제인의 시각에서 바라본 삼국지.가상 역사 드라마가 시작됩니다."
41,41,카오스어택,글/그림 / 맛스타 / 87화 완결 / ,#판타지 #완결판타지,지구는 바야흐로 영웅시대 평범한 고등학생과 엉뚱발랄 영웅들의 좌충우돌 에피소드!
42,42,새벽9시,글/그림 / 서재일 / 47화 완결 / ,#스릴러 #완결스릴러,어둠이 멈춰버린 시간 새벽 9시. 오지마을 '오왕리'가 감추고 있던 비밀이 드러난다.
43,43,나의 목소리를 들어라,글/그림 / 이현민 / 38화 완결 / ,#개그 #완결개그,내세울 것 없는 남자에게 찾아온 대기업 면접의 기회. 본격 열혈 면접이 시작된다! '들어는 보았나! 질풍기획!' 이현민 작가의 신작 <나의 목소리를 들어라!>
44,44,사랑일까?,글 / 남지은 / 그림 / 김인호 / 94화 완결 / ,#로맨스 #완결로맨스,"머리부터 발끝까지 단 한 구석도 마음에 들지 않는 그녀! 그런데 그녀 때문에 내가 아파. 이게, 사랑일까? 남지은, 김인호 작가의 <우연일까?>에 이은 신작, <사랑일까?>"
45,45,소년전[Limit],글/그림 / 라디야 / 136화 완결 / ,#판타지 #완결무료 #완결판타지,선택받은 소수에게만 허락된 무기. 한.정.무.기. [Limit]
46,46,우주전함 몰라몰라,글/그림 / 고리타 / 37화 완결 / ,#개그 #완결무료 #완결개그,전인류의 개념을 건 거대한 모험이 시작된다!  200만 광년 우주를 넘어 당신의 전두엽을 강타할 초대형 SF 스페이스 블록버스터를 빙자한  본격 평범 보통 일상 생활 개그만화!
47,47,사랑을 연기하다,글 / 김작가 / 그림 / 유성연 / 무료 7화 / ,#드라마 #완결드라마,"시한부 인생을 선고 받은 남자, 계약 연애를 시작하다."
48,48,기타맨,글/그림 / 손규호 / 64화 완결 / ,#드라마 #감성드라마 #완결무료 #완결드라마,의문의 기타리스트 포츠만.  이 시대를 살아가는 우리에게 그의 기타 연주가 던지는 메시지.
49,49,개판,글/그림 / 현욱 / 170화 완결 / ,#액션 #완결액션,스스로를 정의라 부르는 조직 아마란스.   버려진 투견 바울이 겪는 그들의 이야기
50,50,아는사람 이야기,글/그림 / 오묘 / 61화 완결 / ,#로맨스 #완결로맨스,"25세 세 여자 미라 여름 정아의 소소하고 평범한, 울고 웃고 사랑하는 이야기. 나와 당신과 그리고, <아는사람 이야기>"
51,51,패션왕,글/그림 / 기안84 / 100화 완결 / ,#드라마 #드라마&영화 원작웹툰 #완결드라마,멋있어지고 싶은 그들의 이야기.
52,52,맨 vs 던전,글/그림 / 이말년 / 5화 완결 / ,#개그 #완결무료 #완결개그,하루종일 게임만 하다가 '던전스트라이커' 게임 속으로 빨려들어간 이말년!   과연 이말년은 던전스트라이커의 세계에서 생존할 수 있을 것인가?   본 컨텐츠는 이말년 작가와 함께하는 한게임 '던전스트라이커'의 브랜드 웹툰 입니다.
53,53,퐁당훈녀클럽,글 / 손제호 / ,#로맨스 #완결무료 #완결로맨스,흔녀가 훈녀가 되는 뷰티 시크릿의 정체는?!  와일즈고와 예란고에서 펼쳐지는 국내최초! 본격 훈녀생정 웹툰에 퐁당~빠져보세요!  본 웹툰은 티엔의 브랜드 웹툰입니다.
54,54,오늘의 낭만부,글/그림 / 억수씨 / 103화 완결 / ,#드라마 #완결무료 #완결드라마,바쁜 일상에 지친 그대~ 당신이 필요한 최고의 낭만을 제공해 드립니다!  <연옥님이 보고계셔> 억수씨 작가의 신작 웹툰.
55,55,닭통령 계양반,글/그림 / 미티 / 33화 완결 / ,#드라마 #완결드라마,"'남기한엘리트만들기','고삼이 집나갔다' 미티의 스마트툰 신작! 치킨을 향한 사랑과 우정, 그리고 전쟁, 본격 치킨 막장 드라마!"
56,56,그린보이,글 / 정재한 / 그림 / 임진국 / 143화 완결 / ,#스포츠 #격투기 #완결무료 #완결스포츠,"챔피언을 노리는 거침없는 여자, 재인! 그녀를 동경하는 순둥이 남자, 태진!  챔피언을 향한 도전과 어울리지 않는 두 사람의 여름같은 사랑이야기"
57,57,일상날개짓,글/그림 / 나유진 / 267화 완결 / ,#일상 #완결일상,싱글맘 꼬꼬댁씨와 그의 아들 아기새가 살아가는 투닭투닭 성장스토리! 사랑스러운 이들의 <일상날개짓>
58,58,비흔,글 / 정재한 / 그림 / 황영찬 / 197화 완결 / ,#무협/사극 #완결무료 #완결무협/사극,"잊혀진 나라 백제, 그리고 싸울아비. 패자의 역사 뒤로 전설이 되어 사라진 검은 이리 '흑랑' '비흔'이라는 이름으로 새로운 전설을 시작한다."
59,59,무한동력,글/그림 / 주호민 / 무료 15화 / ,#드라마 #완결드라마,'신과함께' 주호민이 청춘에게 전하는 이야기  당신의 꿈은 무엇인가요?
60,60,달콤한 인생,글/그림 / 이동건 / 162화 완결 / ,#일상 #공감성수치 #완결일상,커플과 싱글들의 달콤한 이야기 직장인과 백수들의 달콤한 에피소드 ...그런데 왜 이렇게 씁쓸한거지?
61,61,경운기를 탄 왕자님,글/그림 / 무적핑크 / 18화 완결 / ,#개그 #완결개그,"'실질객관동화' 무적핑크 작가의 신작! 싹수 노란 남자의 농사 정복기, 오빤 강남 농부 스타~일!"
62,62,스펙트럼 분석기,글/그림 / 도국 / 17화 완결 / ,#드라마 #완결드라마,"코미디언과 헤어디자이너, 그들이 만드는 낭만과 꿈의 대화."
63,63,"초오오~액션, 개그반",글/그림 / 현용민 / 5화 완결 / ,#개그 #완결무료 #완결개그,웃지 않는 개그반의 반장이 이제는 초오오~액션에 도전한다.   개그반 반장의 일상에서 초오오~액션을 확인하라!   본 컨텐츠는 현용민 작가와 함께하는 한게임 '크리티카'의 브랜드 웹툰 입니다.
64,64,꽃밭에솔,글/그림 / 209 / 62화 완결 / ,#드라마 #완결무료 #완결드라마,꽃 공포증이 있는 고등학생 계은솔과 친구들의 성장 이야기
65,65,고삼이 집나갔다,글/그림 / 미티 / 64화 완결 / ,#드라마 #완결드라마,"'집은 나갔지만 막나가진 않았습니다' 대책없이 커져만가는 거짓말과 오해, 숨막히는 추격전 수능을 앞둔 고3 수험생들의 REAL 가출기!"
66,66,길에서 만나다,글/그림 / 쥬드 프라이데이 / 103화 완결 / ,#감성 #완결감성,서울 남산타워에서 우연히 만난 은희수와 미키의 로드무비.
67,67,와라! 원아이디,글/그림 / 지강민 / 8화 완결 / ,#개그 #완결무료 #완결개그,본 컨텐츠는 지강민작가가 전하는 'SK플래닛 One ID'홍보 캠페인으로 SK플래닛의 브랜드 웹툰 입니다.
68,68,스마트폰 게임 개발 이야기,글/그림 / 유영욱 / 59화 완결 / ,#일상 #완결무료 #완결일상,생생한 게임 개발의 현장을 전한다!  유쾌발랄 좌충우돌 게임 개발 이야기.
69,69,스쿨홀릭,글/그림 / 신의철 / 440화 완결 / ,#개그 #완결개그,신선생과 학생들이 함께 울고 웃는 대한민국 학교의 유쾌한 일상! 다함께 <스쿨홀릭>에 중독되어 봅시다!
70,70,이말년씨리즈,글/그림 / 이말년 / 무료 159화 / ,#개그 #완결무료 #완결개그,독특한 이야기 전개 방식을 확립한 이말년 작가가 선보이는  엉뚱한 상상과 황당한 설정의 새로운 개그 웹툰
71,71,후유증,글/그림 / 김선권 / 31화 완결 / ,#스릴러 #완결스릴러,한 순간의 사고 이후 조금씩 나타나는 후유증. 안대용의 삶은 그때부터 모든 것이 틀어지기 시작했다. <수사 9단> 김선권 작가 신작.
72,72,와라! 플래닛!,글/그림 / 지강민 / 12화 완결 / ,#개그 #완결무료 #완결개그,와라!플래닛! 그들의 정체를 파헤쳐주마!  본 컨텐츠는 지강민 작가와 함께 SK플래닛의 다양한 서비스를 소개하는 브랜드 웹툰 입니다.
73,73,MLB카툰,글/그림 / 최훈 / 704화 완결 / ,#스포츠 #야구 #완결무료 #완결스포츠,최훈 작가가 들려주는 생.생.M.L.B.뉴.스!! Major League Baseball Cartoon (Naver스포츠의 최훈스페셜에서 제공받는 컨텐츠로 업데이트일은 스포츠와 동일합니다.)
74,74,웨스트우드 비브라토,글 / 윤인완 / 그림 / 김선희 / 48화 완결 / ,#드라마 #슈퍼스트링 #완결드라마,"어떤 악기든, 원하는 선율을 찾아주는 남아프리카의 천재 악기 수리공 코넬리아 보보 워셔. '아일랜드','신암행어사' 윤인완 작가와 '바둑 삼국지' 김선희 작가가 선보이는 음악과 드라마."
75,75,한 살이라도 어릴 때,글/그림 / 서나래 / ,#일상 #완결무료 #완결일상,"'낢이사는이야기'의 서나래 & '나이스진타임'의 김진 & '고양이일기'의 필냉이, 그녀들이 뭉쳤다!  한 살이라도 어릴 때 떠나야 한다! 언제? 바로 지금! 잘나가는 그녀들의 여행기."
76,76,삼봉이발소,글/그림 / 하일권 / 37화 완결 / ,#드라마 #감성드라마 #완결드라마,"'너무 불공평해. 태어날 때부터 인생의 반이 결정되어 있잖아!' 외모지상주의에 상처받은 이들을 치유하는 감동의 웹툰 '목욕의 신', '3단합체 김창남' 하일권 작가의 데뷔작 <삼봉이발소>"
77,77,S라인,글/그림 / 꼬마비 / 52화 완결 / ,#판타지 #완결판타지,"가까운 미래, 사람들의 머리 위로 붉은 선이 이어진다. 선의 정체는 무엇인가? 시간이 지나고 사람들은 붉은 선을 S라인이라 부르기 시작한다."
78,78,2012 루키 단편선,글/그림 / 네이버웹툰 작가 / 7화 완결 / ,#드라마 #완결무료 #완결드라마,"전설적인 작가 이현세, 이두호가 직접 프로듀싱한 8명의 신인 작가 단편선 시즌2로 컴백!"
79,79,오란씨100,글/그림 / 박민경 / 76화 완결 / ,#드라마 #완결드라마,"관계폭탄녀 오란씨와, 폭탄녀 제거 지령을 받고 온 폭탄제거반 구욱.  인간관계 빵점녀 오란씨의 관계재활 프로젝트가 시작된다."
80,80,네이버 앱피소드,글/그림 / 네이버웹툰 작가 / 13화 완결 / ,#개그 #완결무료 #완결개그,인기 웹툰 작가 총 출동 마침내 시작되는 네이버 릴레이 웹툰!
81,81,진진돌이 에볼루션,글 / 김기정 / 그림 / 윤종문 / 무료 3화 / ,#판타지 #완결판타지,대한민국 명작 만화 리메이크 2 <진진돌이> 정운경 화백의 대표작 <진진돌이>가 <진진돌이 에볼루션>으로 돌아오다. 명작 리메이크 시리즈는 한국만화영상진흥원(구 부천만화정보센터)와 함께 합니다.
82,82,옆집화랑,글/그림 / 최남새 / 105화 완결 / ,#판타지 #완결무료 #완결판타지,11층 아파트의 꼭대기 층에 살고 있는 태음이의 옆집에 어느 날 화랑이 이사 온다.
83,83,방울토마토,글/그림 / 조양 / 104화 완결 / ,#드라마 #완결무료 #완결드라마,키는 작지만 톡톡! 튀는 민훈이와 친구들의 고등학교 이야기
84,84,아부쟁이,글/그림 / 이익수 / 147화 완결 / ,#드라마 #완결무료 #완결드라마,사고뭉치 불량 복학생들만 다닌다는 풍랑고.   육식동물들이 즐비한 곳에 홀로 먹잇감으로 던져진 주인공 박건의 살아남기 위한 몸부림...
85,85,징검다리,글/그림 / 네이버웹툰 작가 / 12화 완결 / ,#일상 #완결무료 #완결일상,"본 컨텐츠는 빡세, 이철, 콘콘 작가가 전하는 한국원자력문화재단의 브랜드 웹툰입니다."
86,86,크레이지 커피 캣,글 / 엄재경 / 그림 / 최경아 / 무료 20화 / ,#로맨스 #완결로맨스,커피! 열정! 그리고 사랑!
87,87,악당의 사연,글/그림 / 랑또 / 67화 완결 / ,#개그 #완결개그,"홍어단이 대한민국을 정복했다? 그럼 러브레인저는 어쩌라고!! 랑또 작가의 '악당의 사연' 시즌2, 4월2일 컴백!"
88,88,2012 지구가 멸망한다면?,글/그림 / 네이버웹툰 작가 / 34화 완결 / ,#판타지 #완결무료 #완결판타지,"2011년을 뜨겁게 달군 '미스테리 단편'을 잇는 2012년 특집 웹툰, <2012 지구가 멸망한다면?> 지구 멸망을 소재로 네이버 웹툰 작가들이 선보이는 다양한 이야기들."
89,89,만나는 보았나! 100%리얼맨!,글/그림 / 이현민 / 12화 완결 / ,#개그 #완결무료 #완결개그,"본 컨텐츠는 질풍기획의 이현민 작가가 전하는 '만나는 보았나,100%리얼맨!' 으로,  거칠기만한 남자들이 피부관리등 그루밍으로 멋진 진짜남자가 된다는  아모레퍼시픽 라네즈 옴므의 브랜드 웹툰입니다."
90,90,비바 산티아고,글/그림 / 김용진 / 무료 11화 / ,#일상 #완결일상,스페인을 동에서 서로 가로지르며 천년의 신화를 간직한 ‘산티아고 길’   별들의 들판을 향한 800km의 여행이 지금 시작된다.
91,91,연 시즌2,글/그림 / 구아진 / 36화 완결 / ,#스릴러 #완결스릴러,"구아바 작가의 옴니버스 스릴러 ‘연 시즌2’ 오늘, 지금, 당신에게도 일어날 수 있는 일들."
92,92,아스란영웅전,글/그림 / 박성용 / 137화 완결 / ,#판타지 #다크판타지 #완결무료 #완결판타지,포악한 드래곤이 사라지고 대륙은 평화를 되찾았다. 하지만 용사의 평화는 아직 멀기만 한데...  평화로운 세상에서 펼쳐지는 용사의 두번째 이야기.본격 판타지 추리만화.
93,93,봉수의 다이어리,글/그림 / 강모림 / 8화 완결 / ,#일상 #완결무료 #완결일상,"강모림 작가가 전하는 외교통상부의 브랜드 웹툰입니다.  외교통상부 평직원과 주변 인물들(실제 인물)의 좌충우돌 업무 수행기를 통해 외교 업무를 쉽고, 재미있게 소개해드리고자 합니다."
94,94,한섬세대,글/그림 / 유승진 / 41화 완결 / ,#무협/사극 #역사물 #완결무료 #완결무협/사극,"조선후기의 평범한 관리지망생 한섬.   만만치 않은 길이지만, 한섬이는 만만디. 과연 벼슬자리에 오를 수 있을까?"
95,95,실질객관동화,글/그림 / 무적핑크 / 190화 완결 / ,#개그 #완결개그,동화를 객관적인 시각에서 보면 어떻게 될까? 생소한 시각으로 동화 다시 보기
96,96,자율공상축구탐구만화,글/그림 / 조석 / 113화 완결 / ,#스포츠 #축구 #완결무료 #완결스포츠,"월드컵, 유럽리그, 국내리그 등 축구라면 가리지 않고 모두 그려보는 자율축구탐구만화!  (본 만화는 네이버스포츠의 2010 남아공 월드컵 특집 페이지에서 제공받는 컨텐츠입니다.)"
97,97,MODERN BOYS,글/그림 / 기린 / 53화 완결 / ,#드라마 #완결무료 #완결드라마,방 안에 코끼리를 두고 사는 사람들의 성장 스토리.  채플린에 대한 오마주와 휴머니티가 함께합니다.
98,98,남기한 직장인 만들기,글/그림 / 미티 / 8화 완결 / ,#드라마 #완결무료 #완결드라마,"남기한의 새로운 도전, 직장인 만들기 프로젝트가 시작됐다!  본 컨텐츠는 미티 작가가 전하는 고용노동부 '청년층 YES 프로젝트'의 브랜드 웹툰입니다."
99,99,질풍기획 시즌1,글/그림 / 이현민 / 84화 완결 / ,#개그 #완결개그,광고대행사 '질풍기획'의 제3기획팀. 평범한 그들의 질풍같은 하루는 오늘도 계속된다.
100,100,슈퍼트리오 시즌2,글/그림 / 황미나 / 무료 5화 / ,#개그 #완결개그,대한민국 명작 만화 초대선. 살아 있는 전설 황미나 작가의 명작 “슈퍼트리오” 시즌2로 돌아오다.
101,101,국가의 탄생,글/그림 / 고리타 / 103화 완결 / ,#개그 #완결개그,"당신의 꿈이 이루어지는 세상은 축구장만이 아니다! 힘들고 지친 자, 지는 해만 보면 눈물이 나는 자, 막힌 변기를 안고 한없이 울어본 적이 있는 자 미칠듯이 달려가자, 또 다른 세상 파라다이시움으로!"
102,102,별의 유언,글/그림 / 후은 / 79화 완결 / ,#판타지 #완결판타지,신비로운 미지의 섬에서 펼쳐지는 그들의 오묘하고도 아름다운 동화같은 이야기.
103,103,폭풍의 전학생 - 리부트,글/그림 / 강냉이 / 19화 완결 / ,#액션 #완결액션,전학생의 알콩달콩 두근두근 버라이어티 학교 서바이벌
104,104,키드갱,글/그림 / 신영우 / 무료 2화 / ,#개그 #완결개그,"삼류 건달들의 좌충우돌 우왕좌왕 예측불허 육아일기. 트렌드를 이끈 정통 코믹만화의 부활! 2012년, 신영우 작가의 히트 만화 <키드갱>이 네이버 웹툰으로 다시 찾아옵니다."
105,105,멍순이,글/그림 / 김달님 / 53화 완결 / ,#감성 #완결감성,"이곳 저곳 산 밖에 안보이는 샛골 마을. 그곳에서 일어나는 꽃님이와 멍순이의 흙냄새, 풀냄새 나는 이야기."
106,106,아이고(IGO),글/그림 / 김우준 / 54화 완결 / ,#드라마 #완결드라마,"홍대 주변에서 '벽화'를 그리며 지내는 벽화 팀 ‘IGO’ 모두들 자유로이 벽화를 그리는 듯 보이지만 그곳에도 그들만의 법칙이 있다. 다른 팀들과의 벽화 배틀을 통해 승리한 팀이 영역(벽)을 차지하는 시스템 속에서 서로의 영역을 넓히기 위해 배틀을 벌이는 그들, 그리고 우리들의 이야기. 시퍼렇게 살아 숨 쉬는 청춘의 한 자락이 그림 속에 펼쳐진다."
107,107,고시생툰,글/그림 / seri / 56화 완결 / ,#일상 #완결무료 #완결일상,대학입학. 그로부터 몇 년.   공부하는 우리들의 빛나는 청춘.
108,108,커피우유신화,글 / 마사토끼 / 그림 / joana / 119화 완결 / ,#판타지 #완결판타지,마음만 먹으면 어떤것이든 가능한 신의능력 커피우유가 존재하지 않는 세상에서 커피의 신과 우유의 여신이 만들어가는 시시한 신화의 막이 지금 열린다
109,109,부토,글/그림 / 정현주 / 43화 완결 / ,#일상 #완결무료 #완결일상,"'Trump!(트럼프)' 정현주 작가의 웹툰 신작!!  우정, 수련과 결투, 승리, 출생의 비밀... 에 대한 얘기는 아닌 것 같습니다."
110,110,천방지축 매직히어로,글/그림 / 네이버웹툰 작가 / 12화 완결 / ,#일상 #완결무료 #완결일상,매직팬티를 입으면 초능력이 생기는 매직히어로! 못말리는 슈퍼 베이비들의 좌충우돌 리얼 스토리를 들어보세요! 본 컨텐츠는 하기스의 브랜드 웹툰 입니다.
111,111,그런지,글/그림 / 김이랑 / 69화 완결 / ,#드라마 #완결무료 #완결드라마,"융자빚을 떠안고 사회로 방출된 이랑, 잘 나가는 형을 부러워 하는 해인, 외모 컴플렉스를 가진 인우,  꿈 밖에 모르는 아저씨... 3% 모자란 그들의 성장 이야기."
112,112,연애세포,글/그림 / 김명현 / 89화 완결 / ,#로맨스 #완결로맨스,백수가 최고의 미녀스타를 사로잡을 가능성은 얼마나 될까? 대충대충 인생 대충이와 사람보다 더 사람같은 고양이 네비의 치열하고 기발한 그녀 공략 메뉴얼.
113,113,인생은 타이밍이다!,글/그림 / 네이버웹툰 작가 / 11화 완결 / ,#일상 #완결무료 #완결일상,"'기안84', '호랑', '곽백수' 3인의 작가가 말하는 절대 놓치면 안될 타이밍/ IT 제품에 대한 에피소드. 놓치지말자! 2012 삼성전자 아카데미 브랜드웹툰."
114,114,뜨거운 것이 좋아.,글/그림 / 고나리자 / 67화 완결 / ,#로맨스 #완결무료 #완결로맨스,"찜질방에서 벌어지는 청춘 남녀들의 사랑과 고민, 그리고 다시 세상으로 돌아가기 위해 숨고르기를 하는 이웃들의 이야기."
115,115,나란의사 그런의사,글/그림 / 유성연 / 무료 8화 / ,#드라마 #완결드라마,한국에 숨겨진 무병장수마을 치웅리.  그곳에 돈밝히는 속물의사 이대환이 병원을 차렸다!
116,116,스쿨홀릭 : 작업의 공식,글/그림 / 신의철 / 12화 완결 / ,#개그 #완결무료 #완결개그,본 컨텐츠는 [스쿨홀릭] 신의철 작가가 전하는 문제집 해법수학의 브랜드 웹툰 입니다.
117,117,얼룩말,글/그림 / 자유 / 26화 완결 / ,#드라마 #완결드라마,백수 한세태와 룸메이트 김우민의 성장 만화
118,118,GOOD BYE TB,글/그림 / 네이버웹툰 작가 / 12화 완결 / ,#일상 #완결무료 #완결일상,본 컨텐츠는 결핵의 심각성과 예방의 중요성을 알리고자 주최한 질병관리본부의 '2011 결핵조기퇴치 창작 콘텐츠 공모전’에 입상한 12명의 작가가 전하는 '결핵조기퇴치' 브랜드 웹툰입니다.
119,119,엘리오스 전기,글 / 김언정 / 그림 / 정수영 / 12화 완결 / ,#판타지 #완결무료 #완결판타지,"엘리오스 6명의 전사들이 신비의 보석 엘을 찾기 위해 펼치는 모험 스토리.<BR> 본 컨텐츠는 김언정, 정수영 작가와 함께하는 넥슨 게임 '엘소드'의 브랜드 웹툰입니다."
120,120,봄이여 오라,글/그림 / 샐비 / 51화 완결 / ,#드라마 #완결무료 #완결드라마,"평범한 일상 속, 평범한 만남. 그 안에서 엮이는 조금은 특별한 인연."
121,121,콘스탄쯔 이야기,글/그림 / 김민정 / 104화 완결 / ,#드라마 #완결무료 #완결드라마,"바로 지금, 여기 이 곳에서 벌어지는, 새로운 삶을 향한 몸부림  긴 터널의 끝에서 그녀를 기다리고 있는 것은 무엇일까.생존을 위한 그녀의 몸부림을 담은 팩션 다큐멘터리."
122,122,요리대마왕,글/그림 / 랑또 / 57화 완결 / ,#개그 #완결개그,"평범해 보이는 고등학교 3학년 소녀, 최고의 요리대회 <도전! 요리왕>에 도전하다. 여왕이 되고 싶은 그녀의 이름은 '마 왕'."
123,123,LOST,글/그림 / 정민용 / 66화 완결 / ,#스릴러 #완결무료 #완결스릴러,주변 사람들의 잇따른 죽음으로 저주 받은 아이라 불리우는 한하제.  어느 날 그에게 헤어졌던 연인 아리가 찾아 오는데........
124,124,전통발효식품 도전기,글/그림 / 박소연 / 8화 완결 / ,#개그 #완결무료 #완결개그,본 컨텐츠는 풀때기 작가가 전하는 한국전통발효식품 브랜드 웹툰 입니다.
125,125,지상 최악의 소년,글/그림 / 정필원 / 34화 완결 / ,#판타지 #완결판타지,지상에서 가장 불행한 인간을 뽑는 대회가 열린다?! <패밀리맨> 정필원 작가가 선보이는 하이브리드 스쿨 판타지 액션 활극!
126,126,만화사랑 캠페인,글/그림 / 네이버웹툰 작가 / 10화 완결 / ,#일상 #완결무료 #완결일상,"윤인완&곽재용, 이준익&형민우, 최현우&하일권, 이말년&이제석, 최훈&최희 등 각계각층을 대표하는 전문가들과 최고의 만화가들의 만남!"
127,127,폭풍의 전학생,글/그림 / 강냉이 / 94화 완결 / ,#액션 #완결액션,전학생의 알콩달콩 두근두근 버라이어티 학교 서바이벌.
128,128,야! 오이,글/그림 / 랑또 / 94화 완결 / ,#개그 #완결개그,완벽한(?) 남자에게 애인을 빼앗긴  동네 백수의 그럭저럭 복수극.
129,129,지원,글/그림 / 한(恨) / 54화 완결 / ,#액션 #완결무료 #완결액션,"스릴러 웹툰 <고향의 꽃>의 작가 한(恨), 휴머니티를 안고 돌아오다.  착한남자 지원의 버라이어티한 인간융화 프로젝트.사람이 사람을 만나고 서로를 지원하는 허구에 관한 이야기."
130,130,수사9단,글/그림 / 김선권 / 296화 완결 / ,#스릴러 #완결스릴러,"자칭 수사9단 홍달기 반장과 형편없는 정보에 정통한 정보통 형사, 그리고 고집불통 강호진과 조양이 함께하는 황당수사일지. 당황스러운 사건을 황당하게 해결해 버립니다."
131,131,2011 루키 단편선,글/그림 / 네이버웹툰 작가 / 10화 완결 / ,#드라마 #완결무료 #완결드라마,"전설적인 작가 이현세, 이두호가 직접 프로듀싱한 10명의 신인작가 단편선"
132,132,우연일까?,글 / 남지은 / 그림 / 김인호 / 무료 12화 / ,#로맨스 #완결로맨스,우연일까? 운명일까? 가슴 설레는 사랑 이야기가 찾아옵니다.
133,133,세개의시간,글/그림 / 노란구미 / 무료 13화 / ,#드라마 #완결드라마,"일본인 유학생 히나, 엘리트 강박증 준호,나만의 철학을 가진 원.  이 3명이 바라보는 캠퍼스 라이프 스토리."
134,134,다함께 잘사는 세계,글/그림 / 네이버웹툰 작가 / 9화 완결 / ,#드라마 #완결무료 #완결드라마,본 컨텐츠는 최윤진/최남새/황준호 작가가 전하는 부산 세계개발원조총회의 홍보 웹툰 입니다.
135,135,남기한엘리트만들기,글/그림 / 미티 / 268화 완결 / ,#드라마 #레트로 #완결드라마,"스물 일곱살, 공무원 시험 준비생 남기한! 어느 날 눈을 떠보니 16년전의 과거로 돌아가 초딩이 되었다!.  누구나 한번쯤 꿈꿔보는인생 다시 살기 프로젝트. 남기한 엘리트 만들기"
136,136,레드초콜릿,글 / 정기림 / 그림 / 편현아 / 160화 완결 / ,#로맨스 #완결무료 #완결로맨스,"이강아 서른 살, 아직은 삶이 어렵기만 한 그녀와 이삭, 사랑 외엔 두려운 것이 없는 열여덟 소년. 두 사람, 그리고 함께하는 이들이 만들어가는 다채로운 이야기."
137,137,태환이의 GOLD STORY,글/그림 / 김규삼 / 8화 완결 / ,#개그 #완결무료 #완결개그,"골든 보이 박태환이 전하는 추위 극복 스토리, 골드다운과 함께 따뜻한 겨울 나세요.   본 컨텐츠는 김규삼 작가가 전하는 휠라 골드다운 캠페인의 브랜드 웹툰 입니다."
138,138,상처공감 다이어리,글/그림 / 서나래 / 22화 완결 / ,#일상 #완결무료 #완결일상,본 컨텐츠는 서나래 작가가 전하는 상처공감 다이어리로서 후시딘의 브랜드 웹툰입니다.
139,139,다욤이의 다이어트 다이어리,글 / 심윤수 / ,#드라마 #완결무료 #완결드라마,다시! 다시! 내일 또 다시! 언제까지 ‘다시어트’를 할겁니까?   무거운 이야기를 가볍게 이야기하는 당신을 위한 만화
140,140,단군할배요,글/그림 / 호연 / 71화 완결 / ,#드라마 #완결무료 #완결드라마,"대한민국 어느 깊은 산골에서 다섯 살 아가씨가 산신을 만난다.   단기 4343년, 단군이래 단군을 다시 만난 이들의 명랑한 이야기"
141,141,어서오세요.305호에,글/그림 / 와난 / 175화 완결 / ,#드라마 #감성드라마 #완결드라마,"평범하게 자라온 대한건아 김정현, 그리고 그의 룸메이트 김호모.  하나부터 열까지 정반대인 그들이 겪는 민감하고 민망한 이야기들."
142,142,단편 할머니/나는내일죽는다,글/그림 / 태발 / 9화 완결 / ,#드라마 #완결무료 #완결드라마,단편 '할머니' / '나는 내일 죽는다'  <프로젝트X> 태발 작가의 강렬한 단편 두 편.
143,143,2011 미스테리 단편,글/그림 / 네이버웹툰 작가 / 30화 완결 / ,#스릴러 #완결무료 #완결스릴러,"네이버 웹툰 작가들이 들려주는 미스테리 괴담. 올 여름, 당신의 등골이 오싹해진다."
144,144,항 때문이야,글/그림 / 네이버웹툰 작가 / 10화 완결 / ,#일상 #완결무료 #완결일상,"본 컨텐츠는 인천항만공사와 함께하는 브랜드웹툰입니다.  웹툰작가 워니, 마인드C, 서나래와 함께 다양한 에피소드를 만나보세요."
145,145,잉잉잉,글 / 황준호 / 그림 / 수연 / 26화 완결 / ,#개그 #완결무료 #완결개그,수업시간에 똥을 싸버린 찌질이 복학생 황준호. 그는 과연 무사히 학교를 졸업할 수 있을 것인가!!
146,146,굿모닝 스페이스,글/그림 / 이수정 / 66화 완결 / ,#판타지 #완결무료 #완결판타지,"사이코 8명, (미쳐가는)정상인 1명, 인공지능 로봇 1대.   이들이 우주함에서 펼치는 한심한 일상."
147,147,멜로홀릭,글 / 팀 겟네임 / ,#스릴러 #드라마&영화 원작웹툰 #완결스릴러,"교수인형,우월한하루의 팀겟네임. 그들의 시니컬 로맨스,'당신은 사랑에 중독되어 보셨습니까?'"
148,148,불량 뱀파이어,글/그림 / 이유정 / 123화 완결 / ,#판타지 #완결판타지,독특한 만화적 감수성과 색다른 그림 스타일을 지닌 이유정 작가의 신작 뱀파이어지만 절대 사람을 물지 않는 주인공과 생을 꿈꾸며 물리고 싶어 하는 엽기 노인. 그들의 이야기가 펼쳐진다.
149,149,스토커,글/그림 / 단우 / 40화 완결 / ,#스릴러 #완결스릴러,어린 딸이 있는 평범한 주부를 스토킹하는 의문의 남자. 어느 날 집앞에서 그녀의 딸이 유괴당하는 장면을 목격하게 된다.
150,150,"스마일 브러시, 오래된 사진.",글/그림 / 와루 / 57화 완결 / ,#일상 #완결무료 #완결일상,오래된 사진에서 찾아보는 어린 시절의 이야기.  당신의 앨범에서 잃어버렸던 추억을 찾아보세요.
151,151,애니타임 브런치,글/그림 / 김규삼 / 8화 완결 / ,#일상 #완결무료 #완결일상,불사조가 만난 신선한 커피와 따뜻한 브런치. 바쁜 일상 한 잔 커피같은 여유를 만나보세요! 본 컨텐츠는 김규삼 작가가 함께하는 '할리스 커피'의 브랜드 웹툰 입니다.
152,152,테제,글 / 하람 / 그림 / 지야 / 46화 완결 / ,#판타지 #완결판타지,예언된 죽음. 운명에 도전하는 소년. 세계의 운명을 건 싸움이 지금 시작된다
153,153,은하연인전,글/그림 / 전광철 / 142화 완결 / ,#로맨스 #인외존재 #완결무료 #완결로맨스,21세기 마지막 선비 환성현  디지털 시대를 사는 마지막 아날로그 선비 환성현에게 우주에서 그녀가 날아온다.
154,154,묵회,글/그림 / 한나 / 112화 완결 / ,#무협/사극 #완결무료 #완결무협/사극,떠돌이 점쟁이 모아의 이야기.   그녀가 만나는 사람들의 이야기. 그리고 우리의 이야기. 이 세상의 이야기
155,155,사랑은 오디션이다,글/그림 / 김양수 / ,#개그 #완결무료 #완결개그,"본 컨텐츠는 김양수 작가와 신의철 작가가 전하는 사랑이야기로,  YD온라인 클럽오디션의 브랜드 웹툰 입니다."
156,156,바이올린처럼.,글/그림 / 김윤주 / 60화 완결 / ,#드라마 #음악 #완결무료 #완결드라마,"숨쉬는 나무, 4개의 현, 장인의 열정과 혼 그리고 그 따뜻한 울림  조금씩 알아가는 바이올린의 세상. 그 곳으로 당신을 초대합니다."
157,157,견우와 직녀,글/그림 / 유리아 / 34화 완결 / ,#로맨스 #완결로맨스,"설화, 견우와 직녀, 판타지로 다시 태어나다."
158,158,징글정글,글/그림 / 김용진 / 무료 26화 / ,#감성 #완결감성,<쎈놈> 중용 작가의 새 작품. 밀림 속 신비의 마을 ‘징글정글의 다양한 동물 친구들.   조금은 엉뚱하지만 사랑스러운 친구들의 모습을 통해 돌아보는 일상.
159,159,리턴,글/그림 / 송래현 / 18화 완결 / ,#스포츠 #완결무료 #완결스포츠,은반위에서 펼쳐지는 작은 소녀의 도전. 근성소녀 스포츠 만화.  차성진 작가 만화 <은반 위의 요정> 리메이크작.
160,160,흐드러지다,글/그림 / 연제원 / 94화 완결 / ,#무협/사극 #역사물 #완결무협/사극,"지배하는 자, 차지하려는 자 그리고 암살자.쥬신의 황궁을 둘러 싼 음모와 배신 그 뒤로 서서히 드러나는 숨겨진 이야기"
161,161,혜성같은 소년,글/그림 / 한혜연 / 16화 완결 / ,#스릴러 #완결무료 #완결스릴러,사건현장에서 발견된 의문의 기호. 이 기호는 무엇을 의미하는 것일까?  1962년 조항리 화백 원작 만화의 리메이크 작품. 리메이크 시리즈는 한국만화영상진흥원과 함께합니다.
162,162,핑크레이디 클래식,글/그림 / 연우 / ,#드라마 #완결무료 #완결드라마,핑크레이디의 그와 그녀가 돌아오다.   겨울이와 현석이가 함께 떠나는 뒤죽박죽 미술사여행기
163,163,힘내요 일본!-[릴레이웹툰],글/그림 / 네이버웹툰 작가 / 36화 완결 / ,#일상 #완결무료 #완결일상,네이버 웹툰작가들이 지진해일로 어려운 상황을 맞은 일본을 응원합니다.
164,164,그린스마일,글/그림 / 권혁주 / 무료 5화 / ,#감성 #완결감성,2050년이면 사라지는 북극. 그곳에 살고 있던 행복한 물범모자.  그러나 인간의 무분별한 사냥으로 아기 물범은 외톨이가 되어 엄마를 찾아 모험을 떠나게 된다.
165,165,보톡스,글/그림 / 황미나 / 93화 완결 / ,#로맨스 #완결로맨스,대한민국 만화계의 전설 황미나 작가 5년간의 공백을 뒤로 하고 신작으로 돌아오다.   세대를 뛰어넘는 감성과 아름다운 작화의 하모니.
166,166,Attention please!,글/그림 / 네이버웹툰 작가 / 10화 완결 / ,#일상 #완결무료 #완결일상,"졸업과 입학 시즌,새로운 출발을 준비하는 대한민국학생 모두! Attention please! 본 컨텐츠는 김규삼,손제호.이광수작가와 함께하는 2011 삼성전자 16th 아카데미 브랜드 웹툰입니다."
167,167,열쇠줍는아이,글/그림 / 최윤진 / 무료 17화 / ,#판타지 #완결판타지,어느날 그들의 운명을 바꿔버린 열쇠  그리고 찾아온 이별. 엇갈림. 오해. 그 진실을 찾기위한 두 소녀의 외로운 여행기
168,168,입시명문사립 정글고등학교,글/그림 / 김규삼 / 459화 완결 / ,#개그 #완결개그,입시명문 사립 정글고등학교 입학권!! 각 계층의 다양한 학생들과 모든 군더더기 교육을 쫙~ 뺌으로서 교육의 몸짱이라 할 수 있는 정글고등학교에 오신 것을 환영합니다.
169,169,키스우드,글/그림 / 안성호 / 35화 완결 / ,#판타지 #완결판타지,"언덕이라 불리우는 정체 불명의 숲, 그리고 그곳을 지배 하고있는 소녀 '무아'. 무아의 손에서 벗어나 숲을 탈출하기 위한 설씨 일행의 험난한 여정!"
170,170,아하! 이게 바로 외교!,글/그림 / 네이버웹툰 작가 / 9화 완결 / ,#드라마 #완결무료 #완결드라마,본 컨텐츠는 외교통상부의 브랜드 웹툰입니다.  빠르게 변화하는 국제 환경 속의 대한민국! 웹툰 작가와 함께 글로벌 코리아를 실현하는 외교 이야기들이 펼쳐집니다.
171,171,미호이야기,글/그림 / 혜진양 / 27화 완결 / ,#판타지 #동양풍판타지 #완결판타지,이 세상에 처음 나타난 구미호는 자신의 자식 아홉을 잡아먹어야  사람이 된다는 더 웃기지도 않은 저주에 걸린 그저 꼬리가 아홉이나 달린 가여운 숫여우였습니다.
172,172,발컨 길들이기,글/그림 / 긴버 / 17화 완결 / ,#판타지 #완결무료 #완결판타지,본의 아니게 전국민을 속인 발컨 주인공의 좌충우돌 성장기! 본 컨텐츠는 긴버 작가가 전하는 던전RPG 발리언트의 브랜드 웹툰입니다.
173,173,안나라수마나라,글/그림 / 하일권 / 29화 완결 / ,#드라마 #드라마&영화 원작웹툰 #성장드라마 #완결드라마,"따뜻한 감성의 하일권 작가 2010 작품. 철없는 마술사를 만난 한 소녀의 성장 드라마. 당신, 마술을 믿으시나요?"
174,174,Wish Festival,글/그림 / 네이버웹툰 작가 / 16화 완결 / ,#일상 #완결무료 #완결일상,본 컨텐츠는 네이버 7인의 대표 웹툰 작가님들이 전하는 KB카드 Wish Festival의 브랜드 웹툰입니다. KB카드가 함께하는 일상의 작은 소망들에 귀 기울여보세요~
175,175,열아홉스물하나,글 / 요한 / 그림 / 제나 / 22화 완결 / ,#로맨스 #완결무료 #완결로맨스,아직 아이이고 싶은 열아홉 살 남자아이 동휘와 스물 한 살의 어른이 되어도 아이와 다를 바 없는 여자 윤이.  길고양이를 통해 만난 그들이 소중한 것을 나누는 이야기.
176,176,"꿈, 날개를 달다.",글 / 전진석 / 그림 / 장덕현 / 14화 완결 / ,#드라마 #완결무료 #완결드라마,"현실은 우리를 실망시키고, 실망에 지친 꿈은 접힌지 오래다. 마음 깊은 곳에 접어둔 꿈, 다시 펼칠 수 있을까? 저소득층 소년 김민우의 세상에 대한 도전과 꿈의 날개짓. 서울형그물망복지센터 브랜드 웹툰에서 만나보세요."
177,177,기능의 재발견,글/그림 / 김양수 / 8화 완결 / ,#개그 #완결무료 #완결개그,컨텐츠는 김양수 작가가 전하는 기능장려사업으로서 산업인력공단의 브랜드 웹툰 입니다.
178,178,동경소녀,글 / 로보타 / 그림 / 김가륜 / 24화 완결 / ,#일상 #완결무료 #완결일상,사춘기 소녀 '연두'를 중심으로 남동생'호두'그리고 아빠와 엄마. 상상과 몽상으로 가득한 일상 가족 시트콤
179,179,심부름센터 K,글/그림 / 김선권 / 24화 완결 / ,#개그 #완결무료 #완결개그,수사9단의 김선권 작가의 신작.특별한 능력을 가진 직원들의 엉뚱하고도 황당한 임무 해결.
180,180,거상 김만덕,글 / 신지상 / 그림 / 오은지 / 28화 완결 / ,#드라마 #완결무료 #완결드라마,가난하고 불우한 기녀에서 조선 최고의 거상이 되기까지.  순정 만화로 보는 여인 김만덕의 파란만장 삶의 일대기.
181,181,공부하기 좋은 날,글/그림 / 황준호 / 29화 완결 / ,#스릴러 #완결무료 #완결스릴러,죽거나 혹은 공부해야하는 우리 학생들.  그들에게 벌어지는 조금은 무서운 이야기.
182,182,피터팬날다,글/그림 / 서랍천사 / 81화 완결 / ,#일상 #완결무료 #완결일상,한국콘텐츠진흥원과 함께하는 2009 네이버 웹툰 공모전 가작 수상작  소년의 마음을 가진 32살 피태풍. 현실에 적응하지 못하는 듯 하지만 삶에 대한 애착과 느림에 대한 철학이 있는...
183,183,소설가J,글/그림 / 오성대 / 53화 완결 / ,#드라마 #완결드라마,목숨과 바꿔서 얻은 삶. 고통과 암흑만이 존재하는 세계. 절망의 끝에서 J의 고독한 사투가 시작된다.
184,184,심장이뛰다,글/그림 / 백희 / 117화 완결 / ,#드라마 #완결드라마,지금을 살아가는  착하고 평범한 사람들의 가슴 뛰는 이야기. 심장이 뛴다.
185,185,싸우자귀신아,글/그림 / 임인스 / 133화 완결 / ,#드라마 #드라마&영화 원작웹툰 #완결무료 #완결드라마,귀신과 퇴마사의 좌충우돌 한판승부! 골 때리는 장르 불명의 이야기!
186,186,"나의 꿈, 나의 일",글/그림 / 네이버웹툰 작가 / 8화 완결 / ,#드라마 #완결무료 #완결드라마,본 컨텐츠는 경기일자리센터와 함께하는 브랜드 웹툰입니다. 석우/워니/귀귀와 함께하는 88만원 세대의 꿈과 일자리 이야기를 만나보세요.
187,187,패밀리맨,글/그림 / 정필원 / 46화 완결 / ,#드라마 #완결드라마,피치못할 사정으로 가족 앞에  자신의 모습을 드러낼 수 없게 된 아버지의 가슴 뭉클한 이야기.
188,188,애프터 스쿨홀릭,글/그림 / 신의철 / 8화 완결 / ,#개그 #완결무료 #완결개그,애프터 스쿨홀릭은 신의철 작가가 전하는 노동부 퇴직연금의 브랜드 웹툰 입니다.
189,189,낢에게와요,글/그림 / 서나래 / 29화 완결 / ,#일상 #완결무료 #완결일상,"누군가를 사랑하는 것이 세상에서 제일 어려운, 연애의 은총에서 소외된 자들.  그러나 그들도 사랑을 한다! 신입생 낢과 친구들의 풋풋하고 어설픈 좌충우돌 짝사랑 이야기."
190,190,다시 한 번 대한민국,글/그림 / 네이버웹툰 작가 / 14화 완결 / ,#스포츠 #완결무료 #완결스포츠,"모두가 하나되어 대한민국을 외쳤던 열정과 환희의 2002년! 2010년 6월, 다시 한 번 우리의 Reds를 깨울 때가 옵니다. 본 컨텐츠는 샤다라빠, 호조 작가와 함께하는 생각대로T 브랜드 웹툰입니다."
191,191,구름의 노래,글/그림 / 호랑 / 65화 완결 / ,#드라마 #완결무료 #완결드라마,"삶을 풍요롭게 하는 음악   밴드를 통해 삶으로부터 탈출하고자 하는 그들.노래를 통해 성장하고, 행복을 찾아간다."
192,192,스마일브러시,글/그림 / 와루 / 39화 완결 / ,#일상 #완결무료 #완결일상,반복되는 일상에서 발생하는 사건 사고들.  소심하지만 할 말은 하는 가슴 따스한 와루의 좌충우돌 일상의 반전 에피소드.
193,193,연옥님이 보고계셔,글/그림 / 억수씨 / 123화 완결 / ,#드라마 #완결드라마,연옥님은 언제 어디서나 어떻게든 보고 있습니다.
194,194,알파라이징 라이프,글/그림 / 김양수 / 12화 완결 / ,#개그 #완결무료 #완결개그,"본 컨텐츠는 김양수 작가가 전하는 알파라이징 스토리로, SK텔레콤과 함께하는 브랜드 웹툰 입니다"
195,195,"17살, 그 여름날의 기적",글/그림 / 석우 / 45화 완결 / ,#드라마 #완결드라마,17살을 살아가는 주인공 그의 눈에 비치는 조금은 특별한 그 여름날의 이야기.
196,196,두근두근 투모로우,글/그림 / 네이버웹툰 작가 / 8화 완결 / ,#일상 #완결무료 #완결일상,본 컨텐츠는 삼성 두근두근 Tomorrow와 함께하는 브랜드 웹툰 입니다. 해다란/지강민/신의철/판다독과 함께하는 두근두근 투모로우의 친환경 미래기술 이야기를 만나보세요.
197,197,한.마.디.로,글/그림 / 김양수 / 8화 완결 / ,#일상 #완결무료 #완결일상,"세상이 복잡할수록, 명쾌하게.황당,유쾌,감동 등 생활 속의 다양한 이야기를 김양수 작가의 한마디로 만난다! 본 컨텐츠는 SK텔레콤이 함께하는 브랜드 웹툰입니다."
198,198,탐구생활4-그대와 함께 하이킹,글/그림 / 메가쑈킹 / 14화 완결 / ,#개그 #완결무료 #완결개그,배려심 제로의 소심쟁이 남편 메가쑈킹만화가와  습관성 울컥증에 최강의 식탐을 지닌 아내 금보. 다시 돌아온 그들의 요절복통 도보하이킹 대장정
199,199,판타스틱 어른백서,글/그림 / 이동욱 / 102화 완결 / ,#개그 #완결무료 #완결개그,"본 컨텐츠는 생활의게임 홍보용 웹툰입니다. 필살컴퍼니에 입사한 두 명의 주인공, 김방자와 이향단!!! 그들의 좌충우돌 회사생활, 눈물 없이도 볼 수 있는 휴먼 드라마"
200,200,스마트리포트,글/그림 / 네이버웹툰 작가 / 12화 완결 / ,#일상 #완결무료 #완결일상,"본 컨텐츠는 조석, 이말년, 변지민 작가와 함께하는 윈도우폰의 브랜드 홍보 웹툰 입니다."
201,201,겨울동화,글/그림 / 심윤수 / 13화 완결 / ,#감성 #완결무료 #완결감성,<일편단심화> 심윤수 작가의 겨울 이야기.  올 겨울을 따뜻하게 채워 줄 에피소드 12편.어른을 위한 동화가 시작됩니다.
202,202,색으로 말하다,글 / 요한 / 그림 / 제나 / 21화 완결 / ,#드라마 #완결무료 #완결드라마,"나주시 천연염색문화관을 중심으로 노란 치자빛으로 행복을, 붉은 홍화빛으로 열정을, 파란 쪽빛으로 조화를 이야기하다"
203,203,지킬수록 기분좋은 기본,글/그림 / 네이버웹툰 작가 / 9화 완결 / ,#일상 #완결무료 #완결일상,"우리의 작은 실천이 만드는 밝고 희망찬 세상!판다독, 김양수, 조석 작가와 함께하는 유쾌통쾌한 법질서 이야기.본 컨텐츠는 법무부와 함께하는 브랜드 웹툰입니다."
204,204,펫다이어리2.런,글 / 요한 / 그림 / 제나 / 96화 완결 / ,#드라마 #완결무료 #완결드라마,도그 스포츠를 통해 성장하는 아이들의 이야기.   지금은 비록 모자란 부분이 있어도 할 수 있는 것부터 하나씩! 그런 시작을 알리는 한마디 “런!”
205,205,열가지 묻지馬 이야기,글/그림 / 네이버웹툰 작가 / 10화 완결 / ,#개그 #완결무료 #완결개그,"본 컨텐츠는 한국마사회와 함께하는 브랜드 웹툰입니다. 웹툰 작가 홍유라, 마인드C, 비타민, 빡세와 함께 말에 관한 각양각색 이야기를 만나보세요."
206,206,고(故)길창덕화백 추모웹툰,글/그림 / 네이버웹툰 작가 / 12화 완결 / ,#일상 #완결무료 #완결일상,"대한민국 1세대 만화가이자 <꺼벙이>,<순악질여사>,<재동이>등 한국 명랑만화의 효시가 되신 故길창덕 선생님. 우리에게 ‘만화의 즐거움’을 선물해 주신 선생님께 네이버 웹툰 작가들이 추모 웹툰을 올립니다."
207,207,연,글/그림 / 구아진 / 22화 완결 / ,#스릴러 #완결스릴러,"구아바 작가의 옴니버스 스릴러 ‘연’ 오늘, 지금, 당신에게도 일어날 수 있는 일들."
208,208,드림풋볼,글/그림 / 네이버웹툰 작가 / 12화 완결 / ,#스포츠 #축구 #완결무료 #완결스포츠,"본 컨텐츠는 생각대로T의 축구사랑 캠페인과 함께하는 브랜드 웹툰입니다. 샤다라빠, 익뚜 작가와 함께 대한민국 축구의 밑바탕을 지탱하고 있는 풀뿌리 축구인들의 이야기를 만나보세요 ~"
209,209,내일을 준비하는 우리들의 이야기,글/그림 / 네이버웹툰 작가 / 8화 완결 / ,#일상 #완결무료 #완결일상,"본 컨텐츠는 삼성의 두근두근 Tomorrow와 함께하는 브랜드 웹툰입니다. 김규삼, 김양수, 신의철, 조석, 지강민, 홍승표 작가와 함께 내일을 준비하는 우리들의 이야기를 만나보세요 ~"
210,210,두근두근두근거려,글/그림 / 하일권 / 32화 완결 / ,#드라마 #완결드라마,‘3단 합체 김창남’의 하일권 신작. 건조했던 일상이 두근두근 거리기 시작한다.
211,211,다섯작가의 이런저런이야기,글/그림 / 네이버웹툰 작가 / 20화 완결 / ,#일상 #완결무료 #완결일상,"본 컨텐츠는 GM대우 홍보용 웹툰입니다. 조석, 김규삼, 네스티켓, 귀귀, 무적핑크! 대한민국을 대표하는 다섯 작가들의 이런저런 이야기들!"
212,212,새끼손가락,글/그림 / 이익수 / 76화 완결 / ,#드라마 #완결무료 #완결드라마,용호는 출소후 홀어머니를 위해 새 출발을 다짐하지만.. 자신으로 인해 누워만 있는 한 소녀의 존재를 알게 된다.
213,213,우월한 하루,글 / 팀 겟네임 / ,#스릴러 #완결스릴러,"교수인형의 팀 겟네임, 그들의 두번째 스릴러. 평범한 한 남자의 평범하지 않은 하루.'오늘, 당신은 얼마나 우월하였습니까?'"
214,214,나는 어디에 있는 거니,글/그림 / 서나래 / 30화 완결 / ,#일상 #완결무료 #완결일상,"무작정 떠나고 본다!! 여행 준비부터 엉망진창,낢이 들려주는 네팔 여행기"
215,215,만화가를 만나다,글/그림 / 네이버웹툰 작가 / 20화 완결 / ,#일상 #완결무료 #완결일상,"신인 만화가와 중견/원로 만화가의 만남, 릴레이 웹툰를 통해 만화가를 만나는 즐거움. 지금, 20명의 작가님을 만나러 갑니다."
216,216,꽃보다 식물,글/그림 / 네이버웹툰 작가 / 10화 완결 / ,#일상 #완결무료 #완결일상,"본 컨텐츠는 마데카솔 홍보용 웹툰입니다.자연주의 웹툰작가 4인이 펼치는 천연쌩야생리얼버라이어티자연주의 웹툰, 꽃보다 재미있는 4인의 푸릇푸릇한 일상이야기"
217,217,로봇빠찌,글/그림 / 김상욱 / 16화 완결 / ,#판타지 #완결무료 #완결판타지,대한민국 명작 만화 리메이크 4 <로봇빠찌>신문수 화백의 대표작 <로봇찌빠>가 김상욱 작가님과 함께 <로봇빠찌>로 돌아오다.명작 리메이크 시리즈는 한국만화영상진흥원(구 부천만화정보센터)와 함께 합니다.
218,218,번개기동대 2009,글 / 박성진 / 그림 / 임성훈 / 17화 완결 / ,#판타지 #완결무료 #완결판타지,대한민국 명작 만화 리메이크 3 <번개기동대2009> <로보트킹>으로 유명한 고유성 화백의 <번개기동대>가 돌아오다. 명작 리메이크 시리즈는 한국만화영상진흥원(구 부천만화정보센터)와 함께 합니다.
219,219,카라멜마끼아또,글/그림 / 김명현 / 94화 완결 / ,#로맨스 #완결무료 #완결로맨스,"달콤한 커피처럼  은은하고, 포근한 사랑. 그 속에 스며들은 우리들의 이야기"
220,220,일편단심화,글/그림 / 심윤수 / 92화 완결 / ,#감성 #완결무료 #완결감성,하나의 짧은 이야기. 그림과 만나다.  골방환상곡 그림 작가 침묵의 일편단심화
221,221,번데기스,글/그림 / 김경호 / 33화 완결 / ,#스포츠 #야구 #완결무료 #완결스포츠,대한민국 명작 만화 리메이크 1 <번데기 야구단> 30년전 해체됐던 번데기 야구단이 리메이크로 뭉치다!  명작 리메이크 시리즈는 한국만화영상진흥원(구 부천만화정보센터)와 함께 합니다.
222,222,플루타크 영웅전,글/그림 / 양영순 / 121화 완결 / ,#판타지 #완결무료 #완결판타지,율리우스 카이사르와 함께 돌아보는 플루타크 영웅전 역사와 전설의 이야기를 작가 양영순의 재해석으로 만나보다
223,223,wow VS Olleh,글/그림 / 네이버웹툰 작가 / 6화 완결 / ,#개그 #완결무료 #완결개그,국내 유명 만화가 3인이 들려주는 최고의 감탄사에 관한 이야기! 지금 감상해 보세요~
224,224,러브판타지페이퍼,글/그림 / 단우 / 69화 완결 / ,#스릴러 #완결스릴러,항상 미스터리 사건만 쫓아다니던 기자 김재희. 아무리 쫓아도 잡히지 않던 미스터리가 평범했던 그의 일상속에 찾아온다!!
225,225,사노라면,글/그림 / 네이버웹툰 작가 / 8화 완결 / ,#드라마 #완결무료 #완결드라마,사노라면 힘든날도 있습니다.하지만 함께 하는 사람들이 있기에 다시 해가 뜰 날을 기대해 봅니다. 서로 기대고 어우러져 힘든 시기를 이겨내는 우리네 사는 이야기
226,226,고(故)노무현 前대통령 추모웹툰,글/그림 / 네이버웹툰 작가 / 79화 완결 / ,#일상 #완결무료 #완결일상,"마음 깊이 애도합니다. 소박했던 그 웃음,오래도록 기억하겠습니다. 추모 웹툰은 네이버, 다음, 야후, 네이트, 파란, 카툰부머 웹툰 작가님들이 함께 합니다."
227,227,하하하 만화세상,글/그림 / 네이버웹툰 작가 / 6화 완결 / ,#일상 #완결무료 #완결일상,"매주 업데이트되는 인기 만화 작가들의 기발한 하하하! 보면 볼수록 기분 좋아지는 하하하 릴레이 웹툰을 지금, 주목해 주세요!"
228,228,N의등대-눈의등대,글/그림 / 김규삼 / 41화 완결 / ,#스릴러 #완결무료 #완결스릴러,"동일한 세계의 색다른 4가지 이야기. 함께 볼 수도, 따로 볼 수도 있는 멀티 플롯 프로젝트 만화  김규삼 작가의 N의등대 눈의 등대편"
229,229,슈퍼트리오,글/그림 / 황미나 / 17화 완결 / ,#개그 #완결개그,대한민국 명작 만화 초대선.살아 있는 전설 황미나 작가님의 명작 “슈퍼트리오”  웹툰 리메이크로 슈퍼 트리오를 다시 만나다.
230,230,탐구생활3,글/그림 / 메가쑈킹 / 104화 완결 / ,#개그 #완결무료 #완결개그,마음 씀씀이가 좁고 간사한 사람을 뜻하는 '소인배'  이 땅의 모든 사랑스런 소인배들에게 바치는 지상 최강 소인배 가족의 적나라한 진상 플레이
231,231,창위의일루젼,글/그림 / 시우 / 33화 완결 / ,#판타지 #완결무료 #완결판타지,눈이 오는 겨울밤 소년을 쫓아 오는 악령의 기사...
232,232,백투스쿨,글/그림 / 네이버웹툰 작가 / 13화 완결 / ,#개그 #완결무료 #완결개그,"초절정 미스테리 소녀, 빽양! 그녀가 학교에 왔다.파라솔, 냉장고, TV, 떵덩어리.. 뭐든지 다 들어가는 그녀의 특별한 가방! 그녀의 특별한 스쿨백! 때문에 생기는 좌충우돌 빽양 전학기!"
233,233,핑크레이디,글/그림 / 연우 / ,#로맨스 #완결무료 #완결로맨스,"새하얀 캔버스, 조그마한 크로키북.그 안에 핑크색 물감으로 그려질 이야기- 핑크레이디."
234,234,N의등대-도망자,글/그림 / 김선권 / 24화 완결 / ,#스릴러 #완결무료 #완결스릴러,"동일한 세계의 색다른 4가지 이야기  함께 볼 수도, 따로 볼 수도 있는 멀티 플롯 프로젝트 만화  김선권 작가의 N의등대 도망자편"
235,235,N의등대-busted,글/그림 / 조석 / 25화 완결 / ,#스릴러 #완결무료 #완결스릴러,"동일한 세계의 색다른 4가지 이야기. 함께 볼 수도, 따로 볼 수도 있는 멀티 플롯 프로젝트 만화  조석 작가의 N의등대 busted 편."
236,236,절세미인프로젝트,글/그림 / 연자씨 / 8화 완결 / ,#일상 #완결무료 #완결일상,요즘같이 한푼 한푼이 아까운 시기 현금영수증으로 연말정산의 승리자가 되어요.
237,237,내일은 럭키곰스타,글/그림 / 김풍 / 71화 완결 / ,#개그 #완결무료 #완결개그,"삼류라 불리는 인형이지만, 인간보다 더 인간적인 그들이 펼치는 배꼽빠지게 슬픈이야기"
238,238,N의등대-thecalling,글/그림 / 강호진 / 24화 완결 / ,#스릴러 #완결무료 #완결스릴러,"동일한 세계의 색다른 4가지 이야기. 함께 볼 수도, 따로 볼 수도 있는 멀티 플롯 프로젝트 만화  강호진 작가의 N의등대 The Calling 편"
239,239,3단합체김창남,글/그림 / 하일권 / 27화 완결 / ,#드라마 #완결드라마,삼봉이발소의 하일권이 돌아왔다. 본격 SF청춘만화
240,240,골방환상곡,글 / 워니 / 그림 / 심윤수 / 351화 완결 / ,#일상 #완결무료 #완결일상,공감 100% 에 도전한다~ 절대 센스 Wony와 함께하는 골방 환상곡! 네이버 전격 오픈!  늑대 워니와 그의 친구 곰이 보여주는 리얼 공감 스토리~
241,241,꿈의카페영다방,글/그림 / 석우 / 8화 완결 / ,#드라마 #완결무료 #완결드라마,취업에 허덕이던 수아는 꿈의 카페 Young다방을 발견 하는데... 달콤한 커피를 마시며 바리스타들에게 듣는 미래의 꿈과 희망.
242,242,반지의제왕,글/그림 / 이문희 / 10화 완결 / ,#판타지 #완결무료 #완결판타지,"반지의 제왕, 만화로 태어나다! 만화 속에서 다시 살아 움직이는 방대한 톨킨의 세계관!"
243,243,와탕카2,글/그림 / 우주인 / 114화 완결 / ,#개그 #완결무료 #완결개그,우주인이 돌아왔다.  업그레이드 된 작화와 센스 있는 유머. 와탕카 시즌2 시작합니다
244,244,향수,글/그림 / 석우 / 50화 완결 / ,#스릴러 #완결스릴러,"행복했었던 나의 어린 시절. 그러나, 그에게는 잔인한 기억일지도 모른다.  향수, 그 잔인한 추억"
245,245,개편 축하 릴레이 카툰,글/그림 / 네이버웹툰 작가 / 15화 완결 / ,#일상 #완결무료 #완결일상,"보다 재미있고, 보다 다양한 웹툰의 세계, 네이버 만화가 개편되었습니다. 네이버 웹툰 개편을 축하하기 위하여 많은 프로 작가님들이 릴레이 축하 카툰을 선보입니다."
246,246,에피소드메이비,글/그림 / 정마루 / 127화 완결 / ,#로맨스 #완결무료 #완결로맨스,사랑의 서로 다른 시각  또 각자의 이야기 그리고 그들의 꿈... Maybe…
247,247,고맙습니다,글/그림 / 네이버웹툰 작가 / 8화 완결 / ,#드라마 #완결무료 #완결드라마,고맙습니다' 라는 말로도 모두 담아낼 수 없는 마음이 있습니다. 가슴이 먼저 듣는 단어 ‘가족’. 마음 따뜻한 네이버 웹툰 작가들이 함께 찾아가는 노인과 가족 행복이야기
248,248,아이러브올림픽게임즈,글/그림 / 네이버웹툰 작가 / 6화 완결 / ,#스포츠 #완결무료 #완결스포츠,4년간의 땀과 노력이 아름다운 대표선수들!  감동 가득한 선수들의 도전 이야기~ 네이버 웹툰 작가들이 바라보는 올림픽은 이렇습니다
249,249,취업의소리,글/그림 / 조석 / ,#개그 #완결무료 #완결개그,"조석,wony(박종원) 2인의 작가들이 펼치는,팍팍!! 막힘 없이 뚫리는 취업이야기.  웃음은 크게~ 청년 취업 고민은 쏘옥"
250,250,태왕광개토,글 / 청안랑 / 그림 / 김인호 / 58화 완결 / ,#무협/사극 #완결무료 #완결무협/사극,고구려 19대 왕! 한반도 역사상 최대의 영토를 확장한 정복 군주.  고구려의 세력권을 넓히고 동북아시아 패자로서의 자주성을 드높인 광개토태왕의 이야기가 만화로 펼쳐진다.
251,251,제로,글 / 정재한 / 그림 / 이나루 / 21화 완결 / ,#드라마 #완결무료 #완결드라마,"늘 행복한 길만 걸어가라고 지어 준 이름 제로(&#31124;路)  세상에 남은 그의 유일한 행복, 서연.그는 잃어버린 그녀의 혼을 찾아 떠난다.."
252,252,트라우마,글/그림 / 곽백수 / 371화 완결 / ,#개그 #완결무료 #완결개그,황당하고 골 때리는 반전!   Trauma(-정신적 외상)를 입을 만한 초특급 코믹 펀치! 직접 확인하세요
253,253,식스센스,글/그림 / 네이버웹툰 작가 / 73화 완결 / ,#개그 #완결무료 #완결개그,매주 새로운 주제의 6인 6색 만화를 즐기자!
254,254,탐구생활2,글/그림 / 메가쑈킹 / 64화 완결 / ,#개그 #완결무료 #완결개그,배려심이라곤 없는 소심한 남편과 습관성 울컥증에 식탐 강한 아내가  자전거 타고 떠나는 좌충우돌 신혼여행~
255,255,구석구석캠페인,글/그림 / 네이버웹툰 작가 / 24화 완결 / ,#일상 #완결무료 #완결일상,“여기가 정말 대한민국?” 주말에 여행할 곳을 찾고 있다면~ 네이버 웹툰 작가들과 함께 대한민국의 구석구석으로 신나는 여행을 떠나보자!
256,256,체스아일,글/그림 / cid 혁군 / 65화 완결 / ,#드라마 #완결무료 #완결드라마,체스아일 문장(紋章)을 둘러싸고  벌어지는 음모와 배신 그리고 전쟁! 그 안에서 잠자고 있던 한 남자의 원한이 눈을 뜨기 시작한다.
257,257,펫다이어리,글 / 요한 / 그림 / 제나 / 49화 완결 / ,#드라마 #완결무료 #완결드라마,반려동물을 분양 받아야만 입사가 되는 기숙사에서  4마리의 동물과 4명의 주인공이 부딪히며 함께 살아가는 재미있는 이야기!
258,258,기다리다미쳐,글/그림 / 김윤주 / 20화 완결 / ,#로맨스 #완결무료 #완결로맨스,"날벼락 같은 남친의 군입대로 연애전선 완.전.꼬.임~  상대방은 모르는 곰신, 군화의 연애비법 대 공개! 조국이 말려도 우리는 연애한다!"
259,259,도자기,글/그림 / 호연 / 75화 완결 / ,#드라마 #완결무료 #완결드라마,어렵다고 느끼는 우리의 문화재를 현대적인 감수성으로 술술 풀어낸 호연 작가님의 세계!오늘의 도자기는 무엇을 품고 있을지 함께 상상해보세요.
260,260,AA,글/그림 / 선정 / ,#로맨스 #완결무료 #완결로맨스,대머리 사절을 외치는 여인과   대머리 일것 같은 그녀의 이상형이 벌이는 로맨틱 코미디 액션 드라마!
261,261,사랑in,글/그림 / 전세훈 / 무료 8화 / ,#로맨스 #완결로맨스,전세훈의 감성터치-사랑in 우리들의 이야기가 수채화 물감처럼 잔잔한 감동으로. 잃어버린 추억과 설렘을 전해드립니다.
262,262,까뱅,글/그림 / X-TEAM / 32화 완결 / ,#개그 #완결무료 #완결개그,치킨시티의 새로운 영웅 '까뱅'</br> 오늘도 그의 활약은 계속된다!
263,263,와탕카,글/그림 / 우주인 / 706화 완결 / ,#개그 #완결무료 #완결개그,"와탕카='만세','지화자'  좋은 패가 들어오면 외치는 단어 와탕카! 우주인 작가님의 불타는 유머 센스에 우리 모두 와탕카!!"
264,264,타투,글/그림 / 노지현,#드라마 #완결무료 #완결드라마,"밝고 쾌활한 여고생 현진과 새로 오픈한 타투 가게의 진우, 유기를 중심으로 벌어지는 옴니버스!! 타투를 하러 오는 사람들에게 신비한 일이 일어나는데...과연 어떤일이 벌어질까요?"
